Tweet,Label
小復古最愛的人水牆,0
華麗昨天 kcon 化妝 羽毛,7
民主廣場喚醒令人震驚的結果決定 NBC 新聞,11
amp vilo 華特迪士尼魔法王國,0
銀河系很遠很遠,2
今晚佛羅裡達晚餐 煎鮭魚 蒸粗麥粉 蔬菜沙拉 美味的晚餐 佛羅裡達鮭魚,1
最喜歡的高級比賽恭喜擊敗西西塞勒姆,8
得到了正式的最好的朋友 phi mu jsu,0
原因想念小兄弟復古表弟愛印第安納大學,13
生日吻麥迪遜威斯康辛州,9
塔斯卡盧薩女孩布萊恩特丹尼體育場的美好時光,9
甘迺迪國際機場 紐約甘迺迪女王機場,16
生活天堂華美達廣場海灘度假村,1
••為了生活偉大學習欣賞,11
女孩高級記憶werarab閣樓,0
Sully Beach 風格 是的 牛仔靴 海灘,0
關心天秤座季節 m 慶祝 ti tiday,19
愛工作德科拉愛荷華州,0
日迴聲海灘,1
沒有機會咖啡豆和塔樓記錄,7
超級之夜羅森瓦溪飯店及會議中心,19
陽光照射可愛,1
acesnewyork 今晚地點 ace 紐約,4
週六與 djkub 甜蜜休息室重逢,6
沒有發布一段時間可能開始日週末標題,14
爸爸叫貓彎腰萬達音箱wtf,2
nawwwll說屬於盒子水果循環,2
喜歡咖啡 濃咖啡 僅限白天使用 奶精 濃咖啡 喬,2
迪士尼 敢想敢當 長髮公主 十字保險競技場,13
早午餐芭蕾舞課美麗的星期六親愛的朋友le neuf咖啡館,5
威士忌廚房,10
新美國公民公民移民服務,0
有趣的神奇女孩今天拍攝 ssbeautyco,1
週末 hogvibes 阿肯色州費耶特維爾,15
晚安新澤西州特倫頓,5
英里陽光微笑帕洛斯維德斯加州假期連綿山莊園,0
北卡羅來納大學威爾明頓校區特拉斯克,6
烤乾酪辣味玉米片起司很大,0
生日快樂，夫人，不等，明天，這裡很酷，圖片喝酒,13
後院一個最喜歡的地方自然紐英格蘭沼澤斯科特馬薩諸塞州,5
aplus 狗屎仇恨者製作了 somh link 歌曲生物指揮棒,15
最好的部分工作玩東西漂亮的婚紗,3
南卡羅來納州希爾頓黑德島失蹤家客,12
偉大的一年和我將永遠懷念週五晚上的表演 Bo Rein,7
感恩可愛的寶石相信周圍美好的人,8
今天美好的一天你好新寶貝我準備好了查普曼寶馬駝背,1
問 e 看起來像不明飛行物 聖安東尼奧河邊散步,2
塔斯廷,1
愛荷華州皮奧斯塔後嘗試時間,2
季節快樂款待朋友家人所愛的假期,7
謝謝確保小墨菲跳舞,0
準備吃天哪秘魯食物午餐會議生日佛羅裡達州邁阿密,1
大步邁進瓊斯海灘木板路,3
被稱為戲劇女王的飛吻西康涅狄格州立大學,9
低調殺戮狗屎今晚禮服時裝連接匹茲堡賓夕法尼亞州,1
嘿你生病了短拍設定區,4
arbonne 煥發愛情古銅色休斯頓化妝包德克薩斯州休斯頓,7
鉤編電視 慵懶星期六 埃及玫瑰女王 芝加哥 伊利諾州,14
時間在後台回歸星期四,0
馬薩諸塞州韋斯特波特聖誕快樂,17
這讓人想起佛羅裡達州博卡拉頓,12
請求交付得到低李爾約翰低調決鬥鋼琴,2
母親節快樂媽媽德雷孩子們媽媽興奮,9
模特兒髮妝系列 model laurenmodelingamp,14
更好的姐妹 渥太華 俄亥俄州,8
紐約市最佳景觀布魯克林大橋,1
俄亥俄大學最佳團體節,19
喜歡鞋子迪士尼魔法王國,3
賓州洛克黑文,7
天知道我對伊利諾州芝加哥這座美麗的城市情有獨鍾,8
聖路易斯學院藥房,1
美國蘋果派 快樂感恩節 印第安納州南本德,1
曼哈頓海灘 加州,8
歡迎世界美麗的極光石祝賀女巫CVLT完美的羅馬紀念館,3
帥氣的小帥哥藝術打蠟,8
別他媽的傷透了我的心寶貝blackbeatles,15
每個人都觀看以 calw linkinbio thward yf 為主角的新視頻 th world,4
粉紅伊甸園錫安山聖潔教堂,3
龍捲風巷的家,0
熊貓快車北山,19
小時路程 tphs 假期 青少年之夜 happyholidays 飛行員之家,17
菲茨發脾氣帶來布魯明頓月球出租車十月藍鳥,13
天哪，女孩華麗捕捉有趣的拍攝髮妝,5
Frontrow 樂團 Toshi 今天 聖日 七月聖日,5
有人想要咖啡 大峽谷鐵路安普酒店,5
捲曲生活 lmaooo,2
會議挖了拉塞爾漂亮整個旅程捲心菜迪士尼動物王國,2
母親節快樂喲媽媽,0
高中音樂劇史瑞克音樂劇傑佛遜普杜康沃斯羅爾曼表演,0
youbetts believe 我會撐過就寢時間傢伙芬威公園,8
最好的天哪，太棒了，哈哈，jinks 藝術工廠,2
嚴重到西斯塔托貝 SD Popabottleshesgoingcaudle 桑迪戈,0
感謝 需要 anotheraitrip 生病的嬰兒 mcm nemours,0
女士看著相機宴會 Stuyvesant Kinderhook 麋鹿,3
tgif tksd 傾斜短裙酒吧餐館,9
生活在美麗的地方世界最好的朋友阿罕布拉大廳,5
你好波士頓麻薩諸塞州波士頓,0
聖誕快樂花了一個小時才來標題希望傢伙喜歡,17
告訴你最近最愛的人世界,0
孩子心跳友誼魔法阿卡迪亞縣公園,0
紐約還沒準備好 布法羅 HWS 紐約脫衣舞俱樂部,14
住在邁阿密南海灘的人,6
美好時光 洛克斐勒中心 聖誕節 聖誕樹,17
哦，我想找到啦啦隊大學愛荷華橄欖球隊,3
得到了他的護理足部修腳亞特蘭大 atl 朋友呵護腳感覺良好,16
認為需要像可愛濾鏡 Snapchat 喬治敦這樣的帽子,2
最喜歡的蛋糕手約翰遜和威爾斯海港校區,5
️ 米奇聖誕快樂派對魔法王國,0
夜間塗料樹喬利埃特,19
地方,9
kream崛起女王臉,7
聖誕節時間 聖誕節 聖誕樹 胡桃鉗 貨車,17
生活現有照片由德克薩斯州休斯頓拍攝,10
早餐主要擠壓去見了喬治豪斯咖啡和茶,9
la Flame 新兄弟會 後扣,4
瘋狂的泳池打碟 美好時光 最喜歡的地方,2
時間找到新的泰勒絲歌詞頁 RT 一堆最新推文,2
心亨廷頓海灘 州立海灘 加州,0
時尚的倫敦風格中城俄城投訴貿易歡迎縮影,6
快樂的青色星期二正好一年前順便說一句投票給沿海卡羅來納州,3
典型的迪士尼春天浴室,18
日 getn dc 華盛頓特區 w,1
Army Cascada Refrescante 冰淇淋店,1
評論 加州門洛帕克,15
商店區塊沒有整個網站標記折扣代碼,7
品質差圖片高品質好閨蜜阿爾法伽瑪羅塞塔章節,4
德州布朗斯維爾,1
再見好萊塢工作室華特迪士尼世界,13
長心志清胖快樂太平東村,2
聖誕節小狗拉古納海灘加州,6
脾氣暴躁的星期一早上希望有幫助 脾氣暴躁的 fetco 咖啡克利夫蘭,14
不等,8
達蒂驚人球州立大學,9
謝謝讓我感覺像家人一樣愛人,9
格羅夫弗拉格斯塔夫,0
忘記迪士尼樂園地球上最快樂的地方紐約,1
迪賴特天文台,18
印象深刻最好的朋友晚餐大喊,2
自拍寶貝 laurel sssooo 可愛 yeiser 藝術,1
很高興知道 NBCBlindspot 克拉克回家,0
早上的快樂時光，喜歡工作的女孩 bnestle，謝謝,5
聖誕快樂 coochielala 黑鼻貿易公司,0
你知道 balmain hampm f 街,19
愛登陸,1
話匣子酒吧聖保羅明尼蘇達州,3
不告訴看起來像圖片愛媽媽爸爸,2
紐約時代廣場,11
庫存 Telegraphasics gellyte v Whitecement elzapatillaztio asics kotd,10
謝謝你的幫助,0
紐約 奧爾巴尼 跳躍,15
最好的朋友州聖塔芭芭拉,0
感謝耶穌，獲得了最好的私人電話生活,2
婚禮日期 肖恩帕特馬克 雲巴里奧 卡萊爾 格林,1
燈光開始閃爍，就像照相亭紐波特中心一樣,18
家庭寶麗來減去 takemetocallie joes touch italy,0
相思病終於可以下載了，點擊右邊的生物鏈接,16
康乃狄克風格龍蝦捲要求夏季星期五 nolobsteremoji,0
不，很確定傑克森是個笑話,14
銷售時間 配件店 週 地點 圍巾,0
爆炸長耳大野兔遊戲 心智完美,16
感恩的人生活福特場,0
愛可愛的薇諾娜明尼蘇達,0
微笑上帝愛需要積極樂觀的靈感消息我生病了,0
蓋伊家族永遠是祖里卡塔·蘇裡隆·米爾沃,0
熱愛生活高線,0
像 eauxclaires crenickmayer 這樣的地方,10
阿迪朗達克山露營節,4
哇猜一文不值謝謝好朋友,2
知道 bruhz 時間不對，抱歉,2
時代廣場 紐約 時代廣場,0
美好的一天荷蘭人登陸公園,3
朋友,2
感謝捕捉瞬間，感謝夜晚來臨,16
尤其是格雷西·瓦爾·卡隆安大略省很快就康復了甜蜜的瓦爾·卡隆,0
時間最喜歡的男孩哈馬爾酒館,1
美麗的我們只是睜開眼睛尖峰國家公園,0
等不及回家團聚 jlindy okstatecheerdad 週,0
晚餐寶貝紅龍蝦,9
度過新年的好方法,0
UIL 軍樂隊比賽阿拉莫多姆 UIL 州軍樂隊錦標賽 德克薩斯州聖安東尼奧,8
開車方式威利·P最好的朋友重聚西西·威廉·帕特森,3
隨行人員我們得到了 Foreva Foreva eva,0
whereistteamsmith 卡琳代表隊史密斯熊牙 pas mt 感謝卡琳,0
️ 麗茲卡爾頓酒店,0
懸掛式衣架hangover 機庫精釀啤酒廠,14
猜測的克利爾克里克高中 德州 聯盟城,4
哦迪士尼樂園貝奈特愛裹糖粉,3
嘿嘿嘿男孩 thepurplepig 芝加哥 nightout 紫豬,16
與最好的朋友重聚一個月林賽西蒙尼羅河俄亥俄州,0
秒加迪塞拉姆女孩,9
絕對喜歡的外觀babyshowerflowergirlurbandecay,1
紐約州立大學帝國州立學院,2
無盡的復古 卡利 jabxcountry 卡利 聖地亞哥 加利福尼亞州,10
一個 instagramlesszoot 底特律 密西根州,15
公路旅行 邁阿密 一年前 身高 瑜珈士 波西米亞風格 加州,8
不在外面享受週六晚上的獨家新聞來參觀紐約,19
合夥人犯罪 struttin pescaderopoint miledrive ペsukaderopointo マairudoraib beeieria海浜辺ビーチ,6
時間鋼毛紡鉤形圖,4
星期六家庭約會高爾夫春天就在空中家庭樂趣愛情我的生活我的男孩們開始我的年輕,0
旅遊勝地不大，還可以，社交生活，美好時光，馬德拉格里菲斯天文台,5
超級興奮的寶貝邁爾斯傑克斯餐廳,8
天後今晚上鏡俄亥俄州戈申,18
重新發布球員論壇重新發布應用程式・・・製作克利夫蘭世界大賽•,10
激烈的足球賽季曲棍球 vscocam 美國 wch 全國,11
Snapchat bluerizzy 機智卡門霍奇森感謝,4
歡樂之夜美食聖誕市集未婚夫年度聖誕節日期,9
即將推出部落格 kreationsbykendall 明尼阿波利斯 明尼蘇達州,18
比基尼脫下來nnnnnn 星期四 Vega Senorfrogs djlife soundbiteProductions,5
設定勝利物質意象星期五致敬 Pod motd 跟隨,18
我的幸運餅乾聖誕夜,14
好智慧 realhijabi hijabber islamicstore shopmodah,10
跟隨兄弟肯斯塔茲愚蠢的拍背季節晚餐 NT,2
開車一小時熟悉的朋友新的謝謝你twentyonepilots jonbellion,0
度過星期六紋身堅毅與榮耀,1
完成的電影更長的能力哭泣電影小時長,2
華麗的新娘瀟灑的海岸警衛隊新郎令人驚嘆,10
可能會生病一周,14
每週特色火腿起司羊角麵包，可選擇所示搭配培根起司 tot Footballhaus,1
等待發生事故,2
有趣的夜晚博伊西市中心脂肪酒吧,5
威爾瑪魯道夫活動中心,2
閃光祈禱口香糖時刻飢荒用善意描繪世界改變世界真棒孩子,9
很高興回家週驚喜北卡羅來納州博覽會,3
來吧，親吻你的頭髮，女王放鬆劑，正確健康的頭髮，年輕女士的頭髮長大了,2
感謝repostapp・・・感謝贊助樂趣,0
男孩等不及寶貝布萊森·蔡斯,8
昨天攀岩很有趣，不等週四攀岩,16
讓聖誕節變得可愛 亨利·霍爾·查普曼大學,17
加爾薩博士最好的正牙醫生我很高興謝謝微笑,16
純粹的幸福 加德納韋伯大學,0
最好的漢堡 thevortex 情人節日期 vortex lp,1
TB 佛羅裡達州 邁阿密海灘,11
十一月周和腳趾在沙湖密西根水美麗和平,0
你好，模糊的洛杉磯，讓美好時光滾動音樂夢想大激動人心的時代,6
海灘 邁阿密 邁阿密海灘 Sobe 美國 ilovemiami 暑假樂趣 instatravel,11
媽媽和爸爸昨天去上班離開旅行,5
小心的朋友微笑朋友是你的新家庭,0
值得追隨智性,1
冬季十六歲 紐約 紐約,9
像週日早上一樣簡單 彭薩科拉風景秀麗的懸崖,12
奧塔羞愧索菲亞小姐我媽媽紅龍蝦,2
紐約 紐約 認識世界 輕乳酪,7
需要愛狗 Dogsofinstagram 遠足任務路線,0
程式碼藍色尤拉斯藍盤,8
很棒的晚餐妻子之夜英式橄欖餐廳,13
加拿大內特航空中心生日快樂,0
午餐約會 Chickfila 喬治亞街,0
謝謝佩奇,5
喜歡穿著 deadmau echostage 惡作劇之夜,2
洛杉磯市中心週末惡作劇,19
負擔交叉休假,0
Oculus內部耗資10億美元的新火車站三月啟用 yudith pic,6
甜蜜的卡羅琳 美好的時光 感覺很好 謝謝你 psusd 海狸,8
需要擁抱來教會奶奶復活節復活節,5
很棒的一天家庭漫步感恩節快樂加拿大,0
夜間現場 Zing 衝刺中心,0
yeaterdaysflow 西伯利亞鄧伍迪 喬治亞州,1
邊緣星期五興奮介紹 Astars simpatico 轉發,7
dab em video youtube dabonem dab sologang younglegend g,4
生日女孩 生日快樂 hbd 紐約 金髮女郎nightout,0
抱歉，我送的新毛衣花了很多錢，卻從商店穿了出來,0
金粉摔角家族永遠,0
想要聖誕節 密西根州安娜堡,0
秘魯線,4
疲勞的眼睛更好地早起海灘日出,12
耶特賓州西切斯特大學,12
阿爾弗雷多貝利格羅夫雞,16
嘿華麗的西雅圖太空針塔競賽太空針塔,1
磨砂 ok 德克蘭瑪麗莎裡最佳橋旅館,1
超可愛快樂盛大開幕blackfilenails黑色文件,3
羅希·麥卡蘭田野別墅,8
m Feelin Feelthebern 坦帕展覽館 佛羅裡達州博覽會場,4
孩子拍照時受傷了，亞歷克斯頭部受傷了，還好,16
迪士尼 迪士尼 加州冒險樂園,0
咖啡約會 Mandi Marlee 星巴克鳳凰城 az,0
今天開始工作,6
天信用天空星球健身findlay哦,4
平安夜格倫里奇可愛的格倫里奇新澤西州,17
餃子 syummers kogiya 韓國燒烤,1
薩頓福斯特女王演唱《也許是時候了》美麗的梅布爾公主,0
紐約中央公園,0
是的，希望黑鬼得克薩斯州普萊諾,2
聖誕快樂之家,17
史密森國家動物園保育生物學研究所,6
婊子梅麗莎聖喬治小學,9
早餐 薩頓 Citygirl Cheapside 咖啡館,3
喝 tha 女孩景觀第五大道屋頂休息室,1
提供直飛按摩椅開始看起來真的很好謝謝,5
WCW 去高飛 gal staciezumbek 迪士尼樂園,9
愛狗仔隊奧克蘭奧克蘭灣大橋的生活,10
發現迪克度假村聖安東尼奧蓋伊連鎖阿瑪,2
不幫助保持微笑治癒生活拉維加內華達,18
愛情照片山哨兵峰,5
諾曼俄克拉荷馬州製作年,9
發生火警警報 ana mari de quesada,4
啜飲閨蜜咖啡 約會永遠的朋友 啜飲咖啡屋,3
等了一週薩米拳擊手自製華夫餅德州溪邊林地,0
迪士尼魔法王國,7
晚餐拉維加內華達州,0
愛情女孩永遠不會沉悶朋友冒險友好餐廳特許經營公司,0
躲避我的捕捉室和午睡,2
花時間出生的卡波尼獸醫pitbullmix老歌奇諾山小動物,1
葉蘇門答臘 oscarvalladarestobacco 現在吸煙雪茄 lotl,1
男孩塞納·羅寧·尼奧,18
德克薩斯州週末比賽正式為德克薩斯州麥卡倫,7
日出 紐約 紐約市 甘迺迪機場 達美航空 iny 甘迺迪國際機場,0
可愛的鬼島,1
韋斯利教堂運動場,13
自由不來自由尊重家園甜蜜家園古奇蘭,11
謝謝把百吉餅離開西切斯特賓夕法尼亞州,0
愛達支持,0
zädomusic 搖滾音樂 現場音樂 美國 高地 加州,11
陷阱視圖 theweston lit bae 扔石頭的東西 外殼烘烤,6
️浸泡城市國王統治,0
女人你最瘋狂的信用xoxotaniaa檢查,2
表哥愛米歇爾 nt kd 愛聯誼會行,0
很快再見 塔科馬 華盛頓,0
寄送祈禱寶貝表哥明天前十字韌帶手術進展順利,0
發生銀湖迴音公園,13
djmixer lit 支援新的單曲 donflamingopart 串流網站,4
母親節午餐兄弟奶奶,1
麵條蟲在 Maw Maw 床上做好準備,10
享受母親節週末媽媽在孟菲斯植物園放鬆午餐,0
mcm 星期一 futurenowtour 歐文廣場 尼克喬納斯·歐文,1
正式邀請參加交易者托德卡拉OK後秀,6
女士今晚來濕香檳著名的電臀舞週一戰鬥瓶,4
拍攝一天前美麗的馬洛卡島,18
聖誕午餐家庭新條目,2
令人難以置信的美麗女士冠軍頭銜布魯克菲爾德中心,8
完美的晚餐後飢餓的生日晚餐,5
鬼鬼祟祟的傻瓜angelcitybrewery dtla 天使城啤酒廠,6
最後阿爾馬魯 舊金山 加州,0
去拍照片，我的家人想要完美的 Wana 看起來像火殺,4
懷念莫哈維沙漠之夜崛起節,7
週重聚辣妹 mcm 喜歡,0
新年快樂感謝偉大的一年健康幸福家庭幸福,0
最後，小女孩喜歡玩裙子 lil sammie,0
加州帕科伊瑪的自發性自畫像,6
聖誕夜與家人共進晚餐哦，我想念表弟，尤其是巴德加爾欣基,0
方塊,2
今晚溫暖健身吧有氧運動下午laken burnyourbooty barrework,4
Showtime 滑稽早午餐 歌唱舞蹈表演 索菲特爵士樂 洛杉磯索菲特酒店,6
小愛比想要哈哈持久的瘋狂女孩,9
兄弟守護者尼諾波特麥克默里學院,15
日子快樂明亮聖誕快樂和平非常快樂和平,17
瑞奇·里卡多愛露西紐約紐約,0
今天早些時候，哥倫比亞華盛頓特區，槍擊同事爆頭,2
去公園買了可收藏的星巴克馬克杯 M 白色奧蘭多佛羅裡達州沃爾特,5
美味的慶祝新年 Mawwige Mimi Cheng 的餃子,1
紅寶石需要,1
漂亮女孩帶來新的獲勝水平,1
早安紐約喬治華盛頓大橋,7
正式海灘時間 正式小海灘寶貝 ourelliottgrace,12
藍s帥哥,1
黑鬼我不知道,2
皮爾斯堡海港鎮碼頭接船,14
想念共享房間,2
米歇爾法默工作室舞蹈模特兒年跑步國家保護區,0
盛宴滋養維持偉大的感恩節歡樂,0
很棒的經驗謝謝,7
斯韋費蒂 MFN 生日快樂,13
今天殺了 shhoukdersandtraps jabz health amp 健身,4
wasssssupppp 針巷,2
wwjd 靈感好人,0
愛瘋狂的生活 charlieputh jinglejam 無限能量中心,0
壞人巴拉德納餐廳和休息室一周,1
韋恩美國,7
甜米基懷特霍爾餐廳 佛羅裡達州陽光島海灘,19
懸掛最好的姐妹女孩問加州亨廷頓海灘,3
英俊的婚禮日期不相信小鳥打結,3
征服的山真正的一座大煙山,15
紐約 不久前 西村 曼哈頓市中心,10
嗯希望這傢伙聞起來安普斯特味道好對甜綠喬治敦,16
帶來基督團契皇家棕樹,4
最難形狀的賺錢機器,15
悲傷的你姪女告訴警長卡莉,0
喜歡複雜的蕾絲細節毛衣連身裙,1
新網球場大熱夏季奇蹟帶給朋友,1
當然，你會抓住新項目 itunes applemusic 潮汐城,4
富埃戈星期五嬰兒移動鋁,4
錯過了最好的朋友休息愛度過的一天愛阿奎那,9
佛羅裡達州奧蘭多週一快樂,12
Homegirl 假期 遇門 像 uniqueeyezz 南,19
認真減肥金色瓷器自助餐德拉諾,2
點燃男人轉動好吧將社交小酒館和休息室,19
m 炒作專題方式亞特蘭大,18
婚禮樂趣營瘋狂安東尼韋恩洛奇,13
月蓬勃發展 ilovemydog 德國牧羊犬 sofinstagram 亞利桑那州斯科茨代爾,8
知道喜歡這傢伙給了那個小青少年三人組女孩來糖果,19
戀情城市結束週日日落紐約谷歌創意實驗室,0
轉發伍德里奇伊利諾伊州,0
米切爾山俯瞰藍嶺大道,5
愛 ulivinorexistin 認識 henny,9
amp nigga lodos 酒吧燒烤,6
工作扭結讚美上帝哈哈驚人的喚醒能力,5
高調，週一晚上，微笑，奶酪，快樂健身，舉重服裝，健身房生活,16
和平的一天河煙囪岩北卡羅來納州,0
擔心,1
ion 想要 bih 得到 hunnet 像電影想要 bih 得到像電影,2
日落北卡羅來納州家庭度假愛我的生活小瑞士藍嶺公園大道北卡羅來納州,0
春假聖奧古斯丁老城,6
爺爺女孩南方人接管布爾吉斯雪場 JSU 體育場,0
鍛鍊前後不同種類的擴大機視圖樓梯間,2
哦 早餐啤酒 fr fr fr 喝 wigsplitter,15
打賭，min pin 睡覺，媽媽 sleepytime，minpinlife，minpinlove,2
朋友鄰居朋友和鄰居,0
曼哈頓遇見滾動的露台盒紐約花園工作感謝感謝,19
rae sremmurd 現場 okc sremmlifehiphop coredjs okc 農夫市集區,4
Chilin FT Race Trac 國道,6
週五快樂 tgif viernecito 為週末做好準備 德克薩斯州歐文,7
好老比利鮑伯一切都比利鮑伯德州比利鮑伯大,11
醋栗秋天州立公園,1
不美麗的妹妹婚禮優雅的愛情吉賽兒不等待,9
becollaborative 全方位感謝很棒的度假愛情景觀,3
討厭好吧 nca 國家隊 達拉斯 德州,0
敢於不同 therealmattlovepride gsa 美麗彩翼節,10
TBT 夜愛女孩,0
踩新鞋死了,2
愛芽河畔當地學校,0
寶貝聖誕節山核桃溪家,17
波士頓公園廣場,1
真正的黑鬼建築 cmg 先生 keydastreetz ndnone,15
早安，邁阿密，感恩，美麗的邁阿密，快樂健康的早晨散步，謝謝上帝,1
賓州州立大學 Pfew 團聚年,8
非常感謝小伙子送來了很棒的關懷包裹,15
球隊進球美國俱樂部館聯動,15
殖民建築 邁阿密港 海灣邊 邁阿密 MDC 邁阿密佛羅裡達州 美國 MDC 博物館 藝術,11
孩子享受免費糖果遊行哈哈鑽石湖,11
調cbs伯恩斯cbs電視城,7
歲桑德·埃里克·保留格鬥姿勢守衛組合步法,15
看起來還好，實際上被曬傷了，哦，受傷了，加州海濱,16
克里夫蘭地,2
lve jaxonso 英俊的grandsaremyworld,0
好時公園聖誕糖果巷好時公園,17
需要眉毛 ankmat 布魯克林 紐約,10
文化日 美式墨西哥早餐 最愛的英國人 Hillcrest,12
高級夜特雷霍特南維哥高中,3
SEO 時間得到了臉部搜尋媒體,14
驚人的上半身鍛鍊打擊有氧運動夥伴犯罪身體得到,4
善良的冬天 舊金山 sfo igsanfrancisco 大樓 日落區,4
st place 感覺很棒的蜂巢中心,0
早餐時間 玉米牛肉塊 炒蛋 麵團 Lorisdiner SF,1
認識表弟 Samantha Lou 聖誕節 xmasinwhoville,17
嘿笑臉俄亥俄州阿克倫,5
新來的命運 RTT 喬治亞·沙波哈夫 德克薩斯州夢想體操,7
歡迎亨利羅林官方龐克偶像 亨利羅林官方採取,18
春假女嬰克利爾沃特海灘克利爾沃特,16
可愛的girllewiswedding 伴娘 mirelacasou 佛羅裡達州坦帕,0
改變Gooddanddsalon duchessandduque設計區邁阿密市中心jorgereyes,0
偷吻生日女孩偷心生日快樂,1
時間有點像是希望永遠富有,15
強制性迪士尼世界圖片不想要,1
今天美好的經歷感恩機會羅斯福島,7
截圖新影片檢查連結生物巨豆芝加哥,14
生日快樂，很棒的兒子尤金三世,7
自拍 迪士尼 春天,6
昨天有趣的萬聖節 列剋星敦 肯塔基州,5
哦，我錯過了光滑的,1
愛丹尼爾咖啡師說看到星巴克咖啡很快就來了,0
卡西·馬斯格雷夫斯 特莫比爾競技場,0
拉夫世界星期一 雅典好一點,5
韋爾布教堂 厄巴納葡萄園教堂,10
玩得很開心 女孩 lisasgoodbye weegonnamissubabe,9
打造聖誕氣氛 航太專賣店,17
死侍 amp 冷靜的愛,1
錦鯉男孩工作藍嶺魚類孵化場公司,0
奧黑爾智選假日套房飯店,9
明天星期五晚上的快樂 velofellowgv 特別表演推廣,6
破解Snapchat過濾器費耶特維爾阿肯色州,2
設定動態空間光環 rawglinkaartist 光環空間動態 actor,10
莉亞，老實說，我看過最好的微笑，露出你的牙齒,1
帝國大廈 紐約 紐約,6
書籍封面標題英國電子郵件 infocom 查詢,3
nt pas 經典薰衣草蜂蜜卡梅拉冰淇淋 林地山,13
查塔努加之旅去了普迪好查塔努加田納西州,2
生日快樂媽媽俱樂部龍舌蘭酒,9
今天就來拍攝寫真模型模型測試山羊農場藝術中心,1
榮譽墮落阿靈頓國家公墓,11
最好的朋友黏在一起我生病了高,2
天哪，原來的食譜 Hellz rt 很好奇，美味的想法,19
祝聖胡安德爾瓦萊夫人大教堂彌撒日到來,7
很高興你是托特自由碗紀念體育場,19
️午休最大支持者女兒孩子工作,0
像糖果一樣甜蜜靈魂霍金山洛根俄亥俄州,0
今晚停止遊覽 華盛頓 Weisscity ustour 夏洛特,11
製作節拍 Beatbox 鼓 鼓 Summernamm 音樂 BeatboxDrums Beatbox,2
棕櫚灘季節度假村,8
尋找安慰創造美麗無濾鏡簡單華麗的多拉山歷史區,8
地球上最快樂的地方迪士尼魔法王國,7
凱悅酒店附近沒見過表弟,13
哦哦哦不關心,2
髖關節釉面甜甜圈深埃勒姆絕對缺少夜晚嘗試,19
星期一糟透了最好的朋友不感謝顯示波士頓,13
我知道我知道我知道我有心靈感應洋基體育場,7
一天最喜歡的地方 紐約 自由島 自由女神像 自由島,3
微笑我西景高中,5
殺死舞台 bcmgk tailgater sportsbar,4
國家聯盟地址女王伊索圖棕色宴會廳,11
有趣瘋狂寬敞加州貝克斯菲爾德,1
不相信遇見麥克康科德米爾,8
德州牛仔競技小姐比賽,3
讓聲音被聽 計票美國,11
告訴你受到打擊家庭金錢星期一新音樂休息日,4
感覺油漆油漆在哪裡int建築藍圖nopaintfumes,18
超級英雄 假期 聖誕彩燈 Urbanohrapy 街頭攝影 iphonephotography,17
轉寄轉寄app・・・我知道紅毯類型,0
起司蛋糕工廠,2
南海灘飯店,7
後退kkkkkk 插頭醜陋,19
啊，色彩完美的湖畔日落 ocicgreatopportunity regram 好,1
戴爾小讓塔拉迪加超級賽道,11
發佈 Instagram 官方環球奧蘭多帳號評論內容,1
早安 新年 十一月假期 Linkinmybio kattwilliamsface 週日,4
今天美麗的母親新娘美麗的內心麗莎·莫特,0
成功的夜間捕蟹 Hoschbrothers 假日週末,11
俄亥俄州威靈耶穌會大學,0
女孩 Shaundra M 快樂來到哈瓦那社交俱樂部,0
最喜歡瑪麗維爾大學,6
曼哈頓中城的基本設施沒什麼好挑剔的,19
等待機智女孩 tf 離開辛辛那提,9
讓心快樂 城鎮生活 永遠的家 朋友 主要聖地,0
猜測棒舌頭蹲下,2
帶著最喜歡的人最喜歡的表演者雪松落,1
感覺必須使用靠近浴室的浴室,16
感恩 感恩 祝福 ϯ,8
我很感激VTI給予寶貝,3
山 令人印象深刻的機場 這麼長 傑克遜霍爾 傑克遜,0
呃，得到了安大略省鮑曼維爾最酷的杯子,0
我自由了 Mrdiamond 蠕動崇拜的王子廳大旅館紐約,1
歐巴馬稱新鮮看起來告訴 fasho 黑鬼 censtudio sexsymbol,10
事實上脆皮永遠不會過時 rd 椅子理髮店 pryor rd atl ga,15
喜歡輕描淡寫的丹佛市中心,7
西斯特鎮海狸,0
愛情爆炸 好日子 夏綠蒂福克斯 福克斯新聞帝國,9
小家庭杜曼終於和鷹溪公園隱居處,5
說伴郎其實是男人婚禮狗,5
保持真誠的騙子永遠不會讓我保持週一的動力保持動力,15
今天美好的一天高岩,3
有趣的週末 愛情是最好的藥物 堪薩城 堪薩斯,0
歡迎寶寶週老女王沙龍紋理努凱洛格媽媽和爸爸見面,1
ladadadadahh 媽的 dodoubleg bigtone,15
blacksheep upshow 黑羊,3
感謝 merry tt brookscruisesvc,17
男孩很棒的工作即將來到加州洛杉磯,2
Turnt thee fukk kellz 晚上去了後台砍無限飲料 kellz,15
️肯塔基大學,12
下午喝麗思卡爾頓酒店薩拉索塔,5
兄弟快樂國家兄弟姊妹節沃爾曼中央公園溜冰場,0
d 遇見自由漫遊 mm 斯卡伯勒懸崖,10
城市夢想建成 洛杉磯 我的遊樂場 洛杉磯 加利福尼亞州,7
一無所獲 聖塔菲 新墨西哥州 聖塔菲,18
hennythings 可能的 lilypad,4
加州 加州 城市,0
感謝精彩的達拉斯章節，美好的一年期待著,0
三月一毛錢女人區別午餐穿裙子,1
桃花音樂節,6
布萊斯峽谷國家公園 布萊斯峽谷國家公園 猶他州 夏季 iphone攝影,11
紐約之夜幸福結局,6
人們盯著拍照，因為它們是紅色的,14
醜陋的聖誕毛衣不是人類 nukaboy kota 雷霆狼群西伯利亞哈士奇,17
知道親愛的不要假裝公里,7
粉紅色的火烈鳥 西班牙鎮遊行 mardigras 西班牙語,3
亞歷杭多·薩恩斯 唱歌,1
沒有更好的愛,14
不知道瑞恩結婚了奧菲姆·麥迪遜,0
告訴hoesbelike meninmakeup 男士男士時尚化妝化妝師改造,1
著裝給人留下深刻印象,19
明天來吧 安東尼奧大道卡馬裡洛卡,1
昨天完美的一天 新婚快樂,0
愛紐約 紐約自由女神像,0
愛媽媽鳳凰城體育場,0
高步者好,1
可憐的卡車撿袋化肥今天六月田納西州克利夫蘭,2
精彩電影《女人黃金》感謝佛羅裡達楓丹白露瑪麗,9
導致我產蛋感,2
最喜歡東海岸 西海岸 Prima twin 愛迪生 twp,3
雙貓大學肯塔基州,8
TBT luh 寶貝阿里皇冠劇院,1
感謝週四晚上的到來，令人難以置信,0
度過週一晚上的最佳方式 愛爾蘭音樂 Jams 夏洛茨維爾市中心購物中心,1
樣品銷售精美珠寶金鉑銀鑽石白蘭地鑽石黑鑽石,8
最好的禮物 遠層座位 聖母大學,1
和平禪宗皮划艇十二月愛北卡羅來納州希倫哈里斯水庫,0
祝福畫畫小姐永遠停留片刻,13
穆里卡 ztpshrek hillsideogres 圓石快遞戴爾鑽石,11
俄亥俄州斯普林菲爾德,15
發生在維加住宿維加拉維加內華達,11
室友 萬聖節 紐約 紐約,0
排序快樂 sfgiants nymets heartistorn atampt 公園,16
哦哦洛克斐勒中心,17
排毒碗蜂花粉活力碗,1
Browneyedgirl stationcovefalls 今天討厭手機而不喜歡擁有,1
像水一樣 李小龍 索妮婭,18
藍色粉碎金屬缸凱美瑞 XSE 來檢查美麗哈爾豐田,4
感謝華麗周到的評論意味著,0
ytnextup 類 YouTube 空間 la,3
真實目標芝加哥威爾遜場,3
當你錯過bae時，臉部有線瞄準相機,2
生活意味著好朋友和偉大的冒險 Telico 禿頭河瀑布 印度邊界,13
勘探文件 舊金山 加州,18
商店 hoooot footlocker Northgatemall 北門 舊金山 桑拉斐爾,4
困難的 e 再次擁抱塊笨蛋,2
nt 生日女孩發瘋了 textgram Stucnmyways 查克 e 乳酪,2
新年 舊金山 加州,0
哦嘿傑克雷文斯音樂中心,2
漂亮漂亮漂亮愛情景觀 nofilter 圖森威斯汀拉帕洛瑪度假村及水療中心,1
世界 myboys 新墨西哥州梅希爾,3
愛大新法姆巴姆三角洲澤塔普利茅斯州,1
轉發 repostregramapp 呃性感 regrann micherryblossom,4
tgif Letsparty dab ya 商業公司,2
缺少田納西州最佳尤克合作夥伴,3
不合適的 T 卹 談話課 不休息,14
感恩節前夕路一代餐廳和酒吧,1
紐約曼哈頓愛EUA美國來紐約曼哈頓紐約,11
伊利諾州斯普林菲爾德森林景觀,11
愛情玫瑰金婚禮在網路上瘋傳，就像許多人一樣,5
真正的 MVP 麥迪遜威斯康星州,2
紐約時代廣場 紐約,0
最甜蜜的感謝寶貝娃娃,0
米扎聖誕節傳統耶穌誕生場景拍照,17
媽媽向公眾擔保的時刻不認識低調的壞女孩,2
生日晚餐德克薩斯州路屋,0
情人節快樂 國家餐廳和餐飲,9
毀滅希望寶藏魯米時間微笑週,7
無家可歸者的標誌說生病的跑步者美元 runningmanchallenge,2
需要發洩 oomf 驕傲,5
jrock謝謝想念你,9
終於，女孩錯過了 icaty taco 公寓,0
感謝部隊軍事星期一美國銀行,11
最喜歡的時間夜晚地點漫步明亮的燈光和平時代廣場紐約紐約州,0
全國甜甜圈日轉發談話很棒的小吃餐,1
地點 • la zoela zoechurch zoechurchla 崇拜,10
巴里露露檸檬 南方公園希利亞德工作室方法,10
恭喜成立獎盃俱樂部鄉村俱樂部,13
生日快樂 最佳流行拉爾菲男孩年跳傘,0
明天走讀學校 男孩在週末工作,6
艾盧克斯女王博物館,10
模糊精細芝加哥公牛隊比賽聯合中心,0
活笑愛西縣中心,10
斯特羅姆女孩最好的女孩埃爾莫股票農場穀倉婚禮活動,14
星期五 atl lvlup raw freethewave ac 天堂,4
準備好紅地毯感謝化妝師德魯,9
生日擴大機感覺就像紐約世界時間廣場,13
今天美好的一天很高興慢慢地肯定並且有,0
哈姆姆週四快樂,17
男友見面人行道吃了滑板公園認為忘了金卡丁,2
耐克羅斯福球場運動鞋舞會,4
代托納海灘皇家佛羅裡達度假村三角帆,8
歡迎媽媽 邁阿密國際機場 mia,0
變冷了，需要提醒我,12
屁股長週末惡作劇水晶海灘加拿大南海岸,2
想要夏季春假更多周托倫斯海灘,12
紐約時代廣場,19
步行值得一看拉維爾,7
黑豹繼續衝擊超級碗,8
bae 硬石現場奧蘭多,0
媽媽諾克斯縣摩托車運動生日快樂,0
魅力東漢諾威三年級舞蹈凱西D 髮型設計,7
芬娜看電影寶貝,9
它應該是很明顯的他媽的愛呃需要很快,1
朋友跳三一教堂,3
純粹的感覺 dem 攜帶 slewdem kingoffiyahcapelton bb,4
男嬰康威阿肯色州,15
週日歡樂音樂傑克韋伯和漂流者來玩明天開放,6
雙槍請星巴克拉維加內華達州,6
稍後我會嘗試交易者喬斯文圖拉,7
週日錦標賽 巴爾圖斯羅爾 巴爾圖斯羅爾高爾夫俱樂部,18
老歌十一月有趣的時光飛逝,3
霍格莫德奶油啤酒和島嶼冒險,0
️我們快樂的地方南卡羅來納州希爾頓黑德島,12
湯姆不想去任何人的田野散步,3
一天很有趣，感謝最喜歡的人天使體育場阿納海姆,7
使命剛開始 加州洛杉磯 科爾莫瑟,18
升起閃耀得早趕上太陽鱘魚灣,12
困寶寶早上參觀石灰石釀酒廠,1
戴利城紅肉牛排館,16
今晚慶祝生日最大的野蠻好萊塢哈哈加入項目,2
德州奧斯汀,3
阿拉巴馬州比伯縣,0
愛傢伙日歡樂素食生活方式 nachomamapie,0
愛阿什維爾愛比爾特摩爾愛比爾特摩爾莊園豪宅,0
️ 紐約 紐約,0
年生命慶典 abuelito papasoto mi hermanaangelica • 厄瓜多爾人,15
媽媽說偷晶片試圖隱藏顯然很糟糕,2
DJ Killamike Hack amp Aray 粉碎舞台 vulcanatx 單邊帶,10
資本回顧日聚會紀念日週末回复鏈接,11
朋友生活外交官海灘度假村,7
最喜歡的人世界 muchlove zrl 郊區收藏展示場,3
不斷墜落的女孩紅寶石墜落,0
終於期待組小可愛的小g一家了,3
愛奧小姐愛大小中心牛津,0
我手機裡的舊照片瀏海不同的髮型夏天曬黑和海灘頭髮不在乎,12
通常會找到伊斯特伍德攝影湯普森之家,18
週四回歸 TBT 週四回歸 比利多 Beastieboys 格倫弗里德曼,18
科切拉山谷音樂藝術節氛圍,10
amp Love Draft 終極運動燒烤,9
壽司捲朋友 yum m 嫉妒 m 森巴牛排壽司屋,0
圖片 BC 紙杯蛋糕完美吃筒倉烘焙公司,1
正向的心態 正向的氛圍 正向的生活 什麼能提升你 正向的氛圍 芝加哥飛,0
十月豪厄爾茲滑板馬歇爾滑板公園拍攝,18
WCW 寶貝 Firethorne 公園,4
我充滿熱情的好朋友耶穌改變了atl,0
True K 咖啡館精品水療中心,2
️ 帕埃薩諾斯河濱步道 德州聖安東尼奧,0
amberxvx trve kvlt pvppy 弗里克公園,18
火烈鳥球布蘭特大廳,3
家人更享受感恩節美好時光,19
無恥健身房自拍黃金健身房蘭卡斯特賓州,19
老公才華洋溢，每次激情迸發都會讓人驚嘆,14
我笑了晚餐之夜托特起司火鍋義式烤麵包龍蝦烤乾酪辣味玉米片,2
無名指搖滾愛小普雷斯頓伍德鄉村,3
愛數字歡樂日 au 軟糖,8
很高興加入當年柯林頓總統圖書館,9
希望今天太陽能能幫助融雪,12
神聖美麗的蝙蝠俠 RT SB 自拍週日,1
讓塞莉萬聖節保齡球格林州立大學,19
感謝最好的朋友自發性的夏夜歡樂時光管道,0
轉發repostapp…今晚ladyliberty靴子鞍拖,7
terra 天然晶片 最好的事情發生 捷藍航空 約翰·F·肯尼迪,1
雙胞胎感恩節最好的姊妹媽媽爸爸達維拉,0
想在福克斯劇院失去那一刻,3
Frank Sriracha 姊姊的家庭主婦 happyhalloween,0
一定要檢查最親近的人高興布羅塔,15
故事生活辣椒燒烤擴大機酒吧,0
週末酷時刻 博物館 自然歷史博物館 紐約市 紐約市,0
崛起閃耀幸福旅行加州女孩愛加州長灘,11
️世界咖啡館,0
巴勃羅家族魔法岩州立自然區,4
神父早上坐了一小趟航班,13
上帝柯克·富蘭克林法官,2
卡特林馬裡奧布羅斯村育兒,15
來到餐廳預約時間剪髮有福了,15
漢斯利先生,2
祝福最好的格羅夫蘭橡樹營地,0
我們正在等待一年中的​​神奇動物以及在哪裡可以找到它們,1
讓美國再次偉大真正的戰利品時間王牌假貨我代表旗幟,11
中央公園 中央公園 西紐約市,0
雷霆亞當朋友,2
最喜歡的 ivy 獨立員工減 jennyclay ivy amp,0
迪士尼好萊塢工作室索蘭多 Flfeb 迪士尼,13
城市不想有問題雪松村,15
aaaaand 睡著的腳移動超級跑者,2
可愛的雞心市中心奎特曼,0
早上睡覺樂趣坎昆度假村拉維加,2
scootnation nextmillion sfinsf 文娛中心廣場車庫,15
早安星期五報價早安愛密西根州迪爾伯恩,12
混亂選擇了現場愛情米歇爾經文,0
嘿，星期二，準備好了，你以為今天的課沒什麼意義,4
冰淇淋 最好的父母洛吉亞斯冰淇淋,13
jpcumbers 投擲影片 suzy 大提琴吉他環境 j,10
一年後半倒帶芝加哥希爾頓酒店,5
終於找到值得愛的人,3
希望 nrgattop 舞蹈舞者 dancelife nrgdancecompany 沃倫表演藝術,0
林肯紀念堂,2
結果我點燃了襯衫來車站起來,2
不幫助擊敗殺死歌唱立方體,2
希爾頓黑德週末 希爾頓黑德 希爾頓黑德島 南卡羅來納州,0
熱愛高爾夫錦標賽日東山鄉村俱樂部,13
️俄亥俄州克里夫蘭,0
ST 歌曲流行 Badu 播放清單熱門歌曲隨機播放知道,2
明年一月讓美國再次偉大我們等待,11
獲取弗吉尼亞州雷德福,4
費林艾斯酒店 洛杉磯,4
婚禮惡作劇開始日 mikewedsjyo 多倫多 多倫多 多倫多,16
捕捉廣泛的藝術,18
人群眾多 mynkstreatfood 主流,6
家庭來到卡羅萊納州西部兵營聯排別墅,6
甘迺迪愛迪士尼樂園,7
新侄子亨利約瑟夫沃茨吉恩阿拉巴馬州,0
棕褐色線始於佛羅裡達州奧蘭多,12
今天午餐 壽司捲餅 uma temakeria,14
是的文字,1
黑鬼真正的兒子babyjayfr,5
fbf 時間 奧斯汀 德州 dancinthroughlife 保險絲 fusionintexas fusedancer,13
看到愛情微笑知道安排婚禮,0
啤酒遊戲 kinkybootstour 窺視殺死國歌,10
不等一年過夜你方環,15
該死的達米安火災圖片紐約曼哈頓哈林區,2
已保存最佳日期 浩酷星山森林鄉村俱樂部,13
拯救瘋狂女士說小狗拉布拉多洛基TBT格蘭德島,0
表哥時刻家庭週末聯合車站堪薩城公司,0
弗魯米斯進球艾米布魯凱特琳娜雷默萬聖節比賽日,0
兄弟生活中心,15
主辦都市人十九純幸福榮幸,5
早安爵士美髮沙龍,9
性感如周日未來前妻性感自我,9
下雨工作時間下午我看百年山拉維加,15
喊出爸爸很棒的座椅外觀部分讓我們來吧,9
薩默塞特宮公園,3
感覺性感的紫色感謝 amp mystule 時尚多倫多,13
黑色芭比娃娃小鼓 沃肯夢想生活生活像說唱歌手一樣做 onetakebb,18
不美麗的峽谷露天劇場,1
君布格蘇荷,18
像 Time Dope wstrn ft wretch Chip amp geko remix 音樂視頻鏈接電視一樣觀看,4
終端啤酒廠,1
雷格拉姆很興奮最喜歡的部落客,10
愉快的眼睛凝視鋸齒狀泡沫片 lutzbacher,10
最好的朋友圖片安德森,0
等待醫生 camcam camrynlynn lchwarrior,19
隧道中央公園,10
發誓偷拍左槍殺,18
重聚詩歌之春活動,1
預訂摩門教薩克拉門托社區中心劇院,1
搖擺家庭時光的生活感覺,0
愛克羅格卡加侖克羅格市場,6
加里艾倫 很高興看到更好的聖安東尼奧,3
爸爸玻璃製造商奧古斯特尼拉貓防死勃蘭登堡肯塔基州,0
寶寶長大了貝殼聖誕節弗吉尼亞州路易莎縣,5
團隊chickfila 他媽的飼養手杖chickfila USC,2
年阿羅霍翠貝卡,0
低品質圖片高品質男孩俄亥俄州立大學,0
鄧基斯 Tipjar 帶來 levitatesesh xmastoydrive pmpm 已售出,3
哈哈找到了化妝眉眼小 ew 的圖片,2
電影《動物方城市》耐心等待天宙斯,5
興奮除了生日週末告訴主教音樂會更大,2
慶祝亞特蘭大黃金房間,1
像皮划艇運動員一樣踢芝加哥河,6
今天感受超歐元 Cosmoprofna Cosmoprof 北美 La Vega,14
快樂妹妹瑪麗亞娜小亞歷克斯照片,0
我正在挖掘蕾哈娜和碧昂絲的新果醬,1
我著迷下降 哦 LED 圓頂設置直到,19
雪佛蘭 Impala 獲得街頭信譽清新車窗色調效果,6
偉大的一天 亞歷山大 國王街 亞歷山大老城,3
gawdddd 愛情溜冰場 idreamofdenver 西南溜冰場天際線公園,0
西拉斐特之夜,2
賽琳娜 dreamingofyou jlo chrisperez laurel spring,9
不幸的是，很酷的時髦酒吧意味著歡樂時光巴德·米勒·庫爾斯,0
音樂星期一未簽名炒作 onmymomma 壯舉鏈接生物 latiwss,4
布魯克林布什威克哈哈,2
不停止喧囂 喧囂 喧囂 中東 中東,18
週末下雪了 是啊 深蒂姆吉本斯 傑克遜,10
烤餅店 美國 西雅圖 派克市場,11
carpediemmiami thofjulyweekend 世界級飯店屋頂,11
男孩 iamwhoyouthoughtiwas 聖地牙哥喊叫屋,6
非常酷的製作說唱歌曲約會夜湖路布丁,0
我猜我很幸運，謝謝你看起來絕對令人驚嘆的製作,14
啊啊諾娜帶來了無花果義大利嗯嗯,1
真正的 phd 露台夢想中城低語星期三 phd 露台夢想中城,7
美好的一天 SF 看起來像舊金山音樂,7
薩因盜取了奧蘭多環球影城硬石酒店的照片,5
同事們的延齡健康狀況並不糟糕,0
糟糕的周末分享美味的啤酒夢幻般的家庭statebrewingco,5
地板填充心歡樂拜奧拉大學,0
單身女郎嬰兒床慢慢移動,1
寒冷動物園 北卡羅來納州阿什伯勒動物園,6
simplelove llamalove llamasofinstagram llamasinyourlife 令人愉快,0
看看今天的冒險擴大機查理,10
愛的臉 盧卡斯 盧卡斯波士頓 波士頓 波士頓梗犬 波士頓梗犬,9
普萊諾玉米餅和玉米粉蒸肉工廠 德州普萊諾,6
熱地獄魔鬼塔國家紀念碑,4
手機太鬆了哈哈可愛的皮夾,14
踢夏天的正確方式查塔姆酒吧旅館,6
校園塗鴉恩德萊尼密西根州立大學,18
美麗的週六早上奧泰牧場鎮中心狗公園,0
告訴halalgap og 說嘿，真正的哈哈，暴徒生活，dadhasnochill,2
試試休息室寒冷暴風雪魚缸theback czopek 商場,2
來到紐約時代廣場的mampm世界,0
mobbin atx 街道目的地街區派對 Gotsomewherebe sxsw,6
TBT 期待因等待重聚最喜歡的手臂糖果,1
星期六美好的一天開車蒙哥馬利紐約,6
好萊塢新BAE環球影城,19
德州休士頓的人物醬理髮師,2
布魯克林大橋木板步道,1
冰凍海灘漫步表弟樂趣 Capemaynj 家庭目標,3
大煙熏關節炎核桃林mtsu,4
被低估了 感覺很好 真誠 謝謝 Latimes 點頭,2
s 雞肉玉米餅湯 美味的玉米餅條,16
瀑布狩獵小隊目標坎寧安福爾州立公園,6
你停止幫助某人結束你的黑鬼,2
高 as boi 靴子 m werkin 更難打破妓女正確的原因,2
終於回家 edc edclv 日 Alohafriday 主題 我們的朋友在哪裡,8
morkiesofinstagram 羅利 北卡羅來納州,9
純淨的幸福 萬人難忘的信仰之地,0
日技能美國比賽送愛良好氛圍技能美國,13
讓地方變得更好 埃爾查里托 塔科馬 瓦,1
回溯一年前 TB 世界貿易中心博物館,13
知道發布影片時間愛用聲音唱歌,0
不要停止喝聖安普第二,7
應該 ummmmm 最喜歡的季節,0
午餐 超級巴 食物 麵包 威尼斯,0
重新發布順便說一句找到想要的la,2
黑鬼樹皮咬,15
週五告訴船員,2
座位紅翼喬路易斯競技場,1
轉寄 romerozart 轉寄應用・・・我愛委內瑞拉,0
防彈少年團遲到日拍攝 cwenmagazine Goodmorning 防彈少年團遲到,4
公司聖誕派對阿加莎品味神秘亞特蘭大亞特蘭大,17
哈哈 自拍 mifamilia 無價的lotso 寒冷天氣程度,0
確保點擊連結生物新讓我們解釋一下 remix brysontiller,4
住宅工作坊 米拉科斯塔學院 海濱 加州 kashmirdleese konohacrew,16
星期二憂鬱感謝得到船員,8
今天家長花了一天擴大機來驅動吉安娜水族館之心,13
rhcparewind 繼續美麗猜猜誰 bighairdontcare sgirl rhcpa s,0
試著做暴徒媽媽散步meeee,2
紐約州特朗普塔大街,11
看看找到最喜歡的女孩西北伊晨波特蘭冒險俄勒岡州波特蘭,0
雷霆山 rjpphotographynj,10
投票時間計數俄亥俄州阿克倫地區基督教青年會安娜湖分支巴伯頓哦,11
未來光明免費橡木在線,10
狂熱熱愛事實博物館在洛杉磯開幕 Sooo Freggin Dope,6
萊特格拉姆總督邦德湖,7
想藉用柱塞凹痕,2
oooooooh 愛驚喜郵件感謝袋,1
開胃酒晚餐吐司蜜月義大利邁爾斯堡英迪格飯店,0
說狗屎你博伊開玩笑,2
斯泰爾格拉斯早安巴尼斯尼巴尼斯市中心切爾西,1
休閒圖書館 白宮 myaapistory 關注,10
感謝 davidrobsonayct 令人驚嘆的阿斯湯加課程早上,0
影響者總部,16
美麗的樹聖誕節季節是迪士尼世界未來世界的季節,17
estos son mi tiofernando y titisheila 林肯路 邁阿密海灘 南海灘,0
方式 代托納 分鐘行程 MSP 機場,6
TB Happy amp 無憂無慮的夏季冒險球衣海岸,0
開始一天巴西莓碗碗蘭莓原漿果碗巴西莓碗冰沙碗,12
跑民反派服飾公司祝福未發行的熱門新單品,4
週末去了記事地點,2
舞會高級照片來小屋發燒,0
照片 阿拉贊法院照片系列 geedorahh 圖片庫,10
果醬,4
看看學校南河濱高中,5
南湖鎮廣場,1
大藍德爾坎波高中,8
快樂 mcm 塞耶街普羅維登斯,0
d 船 法國灣 碼頭 皮克林,0
小公主擺出像模特兒哈哈奧蘭治堡的姿勢,2
幸運地找到怪人讓 mcm moes 西南燒烤,14
Link Bio 時尚造型工作室,13
找麻煩足球比賽最好的座位我們的足球男友很爛,9
偷吻南方美女愛星期五晚上WCW,1
等不及湖夏天,12
享受天氣真棒終結者推馬特汽車aforcetobereckonedwith camyooo,12
永遠感激美麗的地方家鄉加拿大加州弗林特里奇,8
DIY 濾鏡又名太陽眼鏡克利利湖地區公園,14
今天去珍妮莎午餐學校跑貝克新河,3
補救嬰兒補救措施,0
神智不清最好,1
馬克杯拿鐵咖啡濃濃親愛的咖啡,0
半身窗車m糖瓦斯罐他媽的狗屎,2
bae 笑話 lesaluv 埃文代爾釀酒公司,2
需要工作 他媽的洛基,2
爸爸週末 俄勒岡州立大學,5
不良景觀日斯卡馬尼亞旅館,0
夢想留大憂留小流氓公寓 PNC 藝術中心,7
嘗試開始是醜陋的,5
科納小羔羊 socute 煎鍋公園,1
討厭的女人等了一個小時雨投票imwithher西洛杉磯,11
施華洛世奇水晶時間的驚人作品,1
感謝baegame租賃贊助,16
漂亮的 Mountbaker PNW 聖誕快樂 Mount Baker 滑雪場,1
茶杯騎行最喜歡的瘋狂茶會魔法王國,7
選舉 OEA 華盛頓特區組織 美國國家,11
湯時間 Tech Heng 餐廳 Lowell Ma,5
希望遇見甜蜜自信的希望,3
我不知道格林監獄長看起來比較可愛,1
坦率的法明頓玩家穀倉劇院,13
愛小傢伙圖沃特華盛頓,6
美國啤酒寶貝美國冒險未來世界,5
創意有趣的週末艾伯特引用智慧的樂趣的話,8
學生團體明天下午運動週末像衝浪者運動,4
夜間史詩級表演集,4
享受飲料屋頂甲板桶釀造 pdx,0
退伍軍人節快樂上帝之國阿拉巴馬州羅伯茨代爾,5
爆炸顯示林肯紀念體育場,0
一年後查看舊聖瑪麗冰川,8
快樂，誠實，快樂，遠愛,14
生日快樂貝斯海德感謝冒險生活不等待,8
愛 capn crunch 改變 iamnotsong capncrunch 麥片最愛,10
丟中學穿著老派有趣萬聖節艾薇兒,2
開始新的亮點 秀後亮點 好萊塢,1
羊絨黃金課程 louboutin bag品牌大使,0
嘿米奇皇家農場競技場,0
eeeeek 準備好秋季秋季天氣壁爐戶外壁爐戶外樂趣戶外,5
林肯郡小奧鎮生活的美好時光,0
音樂會年令人驚嘆的geazy阿拉貢宴會廳,16
照片紐約偉大的圖片放大器 soooo,0
看到了很棒的 Doc sxsw 搞笑有趣的美麗電影雞人,0
感恩的小狗愛小而強大的南方,0
法式切割光環橢圓形鑽石華麗照片信用夏皮羅鑽石白金活動,1
傢伙認真地生活樂趣狂看奇蹟,1
哇哦，認為垃圾房間會讓大放大器變壞,2
工作晚餐約會愛我的孫子是最好的我的心,0
聖塔莫尼卡碼頭未來之家,8
Pick Lane Life 標籤 likethisliner Makeupartist Makesbyfifo,19
認為愛咖啡始於一年前NationalCoffeeDay New,1
心跳加速 你是我的陽光 衝刺館,0
展望未來 佛羅裡達州基西米或蘭多,4
漂亮的印刷品,1
知道想要時裝,0
我會錯過OB騎士艾迪森公園,0
百萬以後再愛你 西索貝爾,18
麥克斯威尼團隊步行者 findacure 威斯康辛州 baddermom,0
像葡萄乾一樣乾淨全油門懸掛,14
祝最好的朋友生日快樂，謝謝,0
肚子 ltltlt 烹飪很重要,2
男孩耶穌生日快樂,0
試鏡靈魂列車影片拍攝misstram nbcagt agtauditions 樂趣,1
美好的一天法魯燈塔美麗海灘佛羅裡達角燈塔比爾巴格斯州休閒區,16
提到愛姪子姪女寶貝將軍haileyjo,0
咳咳，感謝 diljitdosanjh 上傳 gbu 布蘭普頓安大略省,5
嘿我愛lotssee ya短日邁阿密,0
像樹懶博物館一樣交換眼神,14
夢想成真迪士尼魔法王國,3
我看輪廓 y 看身體 哈哈,1
麻薩諸塞州波士頓,5
不記得快樂地拍出最好的照片,2
聖誕節精神詹姆斯·F·伯恩斯高中,17
女孩情人男爵酒吧和餐廳朴茨茅斯,3
女同志市中心模仿連結 ig,1
檢查睡眠量 youtube type lil pv 俄亥俄州哥倫布,4
你很快就布魯夫 亞特蘭大國際機場 達美航空,0
奇林男孩貝克侄子大西洋海灘北卡羅來納州,8
週末家庭祝賀馬特和珍妮特,3
今日議程 dontgetlostinthesauce yashicat safari bbq 羅伯特·厄爾 bbq,18
知道需要藍色毛皮比基尼生活獨特的禮物手工製作的火花製造者空間,8
更好的美國聽說街頭黃金紐約紐約紐約,11
吃飽了 fam ciciimac 春季燒烤屋,18
雅男孩攝影 你知道攝影 喬治亞州卡爾霍恩,14
今晚約會派對 本週主場比賽 小隊 jampc 成像,13
美麗的海洋母親治癒波浪快樂的地方你好海鷗激流尊重波浪,0
秋季婚禮小酒館婚禮星期三秋季婚禮哈德遜河谷阿爾斯特郡鑽石,1
布萊恩羅伯特今天打電話給黃鶯春訓賽 masn,1
麥康奈爾·瑞恩名單,11
穿著治愈接近高度新聞比賽桑迪戈 tbax,2
男孩努力工作美麗陽光明媚的春日北方,0
試試 deir 著名的麵包 thebunshop vaninaivy yum 麵包,6
在涼爽的露臺上享受美麗的早晨 stjulienhotel Boulder,0
玩耍時間 女士狗狗 面積 社區公園,2
節日快樂 醜陋的聖誕毛衣 百威假日 赫莫薩海灘,17
童話故事發生了驚人的灰姑娘禮服metgala clairedanes,0
美麗的內部擴大機外部黑名單德國大使館華盛頓,0
興奮的費爾利狄金森大學秋季費爾利,16
今天的訂婚照未來夫人鏡子佈蘭查德湖泉洞,3
美麗的女兒 布魯克林納赫恩 brookiethecookie 南山公園 皮馬峽谷,0
TBT Legend 滑落 pvtstckstudios 私人股票,4
不想承認愛 trackislife 田徑運動會 trackquad,2
價值窗口em,14
感恩的朋友夏天北山高中,0
快樂聖最好的人二十方,5
節慶燈光圓形曼哈頓堪薩斯州,17
卡梅倫遇見游泳學院,6
春季造型 glamormag 三月號 Root Studio,10
愛你們的人轉發gggboxing…teamggg 麥迪遜廣場花園,0
熱約會卡拉米戈斯馬術,1
尋找 喜悅 感恩 心 尋找,3
生日快樂 生日雙胞胎 有點像 有點奇怪,0
保存 Bowsers Castleblessed ua phi sigma kappa,0
壞唱一起火 tho weezer 恐慌迪斯科海灣公園,4
侄女愛家庭康涅狄格州布里斯托爾,0
博斯普維斯高中生日快樂,15
是的，是的，最好的黑色星期五優惠，快樂沃爾瑪,5
喔諷刺玩烹飪發燒等披薩必勝客,0
體驗今天的史詩般的感謝,4
曼哈頓 哈德遜河 紐約市 紐約市 紐約市 紐約 紐約 紐約市 高譚,11
等不及媽媽愛 puedo esperar tenerte aca ma te amo,0
喜歡電影擴大機推薦觀看 amc loews th,16
感覺不到臉我愛卡帕西格瑪,3
第二個家庭感謝 Fun tuan amp thida,3
想wayyyyyy今天有趣的刺繡lovemyjob出差,1
️ 傑克倫敦廣場,0
絕對感謝難忘的節慶聚會,6
歡呼 MTS amp 推桿月 中田納西州立大學,8
芝加哥伊利諾州,5
今天夏至 夏天 一年中白天最長的一天,12
守門員變老生日快樂痛苦作為商人,9
遠方父母的想法哇旅行旅行音樂新音樂,4
姊妹大喊男人拍了麥克斯韋紅帽子的照片,1
gon na fwm 免費飲食性愛不打擾,15
️ 喬治亞大學桑福德體育場,0
好久好久的fam pomme,12
聖誕快樂海洋世界我現在住在這裡說whaaaat,1
雨茶暖胃太陽峰暖心,3
經歷了糟糕的暑假生活嘗試新事物,2
聖誕快樂 皮涅羅斯 拉格朗維爾 紐約,17
浩克西斯普林菲爾德高中,3
不愛 mac jk 開玩笑 查爾斯頓文娛中心,14
弄亂了小鳥舍，哈哈，我得承認我有技巧,14
埃爾梅霍爾計劃在紐約布萊恩特公園夜間野餐,0
天孩子感謝今天的 Comegys 學校,9
⠀ ⠀ ⠀ ⠀ 週三下午 基督教復興教堂 希爾頓黑德島,12
謝謝艾比愛你,3
愛鞦韆 多倫多島,13
週一促銷 ftsedmond heathertarrant fuzzys taco 店,18
感謝,3
失蹤的普丁貝女士休息 女孩們的生活,9
該死的奧爾尼馬裡蘭州,14
終極歡呼媽媽大喊媽媽把,7
愛男孩,1
復古道奇開幕日滾動深美好時光戈道奇道奇體育場,8
最佳混音帶下載 datpiff spinrilla,4
看不穿運動服新影片 youtube 頻道連結生物,2
生日快樂圖片錯過數數,3
微笑設計的雪 burrrr 雪 Laketahoe 自然 滑雪 自拍,2
米奇老鼠生日維瓦奧蘭多華特迪士尼世界生日快樂米奇你,0
玉米粉蒸肉製作 聖誕節 聖誕快樂 玉米粉蒸肉 玉米粉蒸肉季節 昆西花園,17
女孩值得虛榮適合化妝師在這裡偷看設置,3
慢慢獲得機會 日出世界 佛羅裡達州邁阿密海灘,12
湯姆吉米 (Tom Jimmy) 懸掛在科切拉 (Coachella) 後台 Marohagopian Empire 馬球衫,10
取得無花果 BC 星期五愛情組合無花果椰子益生菌優格脆,14
參考貓,2
新的一天新的觀點新的機會太陽谷凱徹姆愛達荷州,13
黑髮需要金髮女郎夥伴最好的朋友美好時光可愛雙胞胎德克薩斯州,7
嗨，想念你，自閉症演講步行克利夫蘭,8
是的，乾淨漂亮的托馬斯安普中心,1
啊啊終於有了大熊喊可愛的男友,0
生日快樂心愛你貝兒蔡斯拉,0
拉凱拉·利貝裡·薩姆新型水果年鑑薩姆納編年史,2
冰淇淋卷 sweetcharlies 甜查理,1
音樂會絕對令人驚嘆 willjssprinkle zedd truecolorstour,1
️ 星球健身格雷特娜拉,0
在進入迷人的燈光之前喜歡外面的燈光,7
保持開心知道重要工作媽媽微笑,9
今天得到了寵物袋鼠雪松點,5
無價的 Bigboymaven 達菲爾德農場,1
真正的沃克沃克宿舍,15
里科魯莽跑靈魂賈男孩巴黎,2
想要隨機工作休息哈哈糾正懲教官wvdjs,2
猛獁溫泉黃石國家公園空靈超現實的地方,10
開始新的亮點 秀後亮點 好萊塢,1
記憶巷TB 芝加哥 伊利諾州,18
渡輪啤酒 beerthitty 飲料當地乾杯tobeers iny ibeer,0
性感的BMWM藍精靈林地購物中心,1
看起來像保衛 oj sislobday elleoh 國會大廈華盛頓特區,2
先生 funn 粗語詩歌 apachecafe apache 咖啡館 atl,18
瘋狂美麗的一天活著迴聲山徒步旅行阿爾塔迪納,0
媽媽的新影片來了,2
感謝週末自發性回家,3
觀看世界女孩未來祝賀被研究所錄取,14
ain nt mo 睡覺的民謠磚藝得到了專業,4
隨機欣賞最喜歡的啦啦隊長西部,0
關注 南布庫人,2
《魔戒》螢幕交響樂演奏樂譜貝納羅亞大廳,1
愛媽媽蘇格蘭儀式大教堂,0
貝蒂瓦普軌道西北四方宿舍,15
喚醒 洛杉磯 加州,19
生日王子打瞌睡興奮的米奇,2
蘋果達達超級秘密巢穴布拉德阿炸彈,0
樹生命迪士尼動物王國,1
韋伯威廉斯州年 新奧爾良 路易斯安那州,9
TBT 最喜歡的紅頭傑基回家有糖果,0
愛復古有機玻璃手臂派對檢查明天 Fleur de Flea,1
好萊塢希望好萊塢了解傑克遜州立大學,4
閃閃發光的錢包令人驚嘆的結婚戒指令人著迷最好的準備,1
你把狗變成了某種東西,2
因為愛新年快樂朋友我的一切康乃狄克州利奇菲爾德縣,0
時間慶祝男孩 NT 平弓重量臀部,2
Flyin High 布萊斯峽谷 猶他州 findyourpark 瑜珈 vsco vscocam 上部靈感點,7
華麗潘朵拉假期珠寶新款優雅美麗耳環心潘朵拉戒指擴大機,3
想法說話顯然很搞笑又骯髒的鳥,3
快樂慢星期二報價今天主題自聊談話忽略,4
密西根州莫里斯山 k,6
愛偷標題 P 表弟,9
愛陽光明媚的夏日訂婚會議可愛的愛情鳥,3
得到了小夥伴魚國鳥舍的飼料,5
季節問候農支歷史公園,17
密蘇裡州斯普林菲爾德雙胞胎飯店,2
公路旅行 bae nt mind 自拍棒 麥基諾城,0
萬聖節週末快樂 le monge 宴會廳,1
myfavvvvv 大湖購物中心,13
朋友道格拉斯徒步旅行道格拉斯山,0
生日快樂雞蛋和哈蒙德叔叔愛懷念希望偉大的一天,9
baaaaaaaack 費耶特維爾 阿肯色州,6
今天掛爸爸自然環境涼爽,10
慶祝生日 紐約 夢想成真 紐約 紐約,0
很高興來，謝謝好人，好人，新澤西州克利夫頓電子煙,5
火腿世代生日快樂,0
勞倫娜金縣最高法院,2
反饋倒立現場麵包車 sxsw 馬裡奧奧斯汀德克薩斯州,10
停止融化空靈的樹林懷特霍斯嗡嗡聲音樂放大器聲音設計,1
lmao m 新戰利品 結 孩子 jasoncastillo,2
時間頭沙漠即將到來變得越來越困難,18
聖誕節時惡作劇峰會高中,17
克莉絲夢夜雞雞被吸了,2
️探索公園海灘,12
舊金山 加州,0
無聊 asf 狗屎兄弟哈哈 跟隨愛情兄弟歌曲西,2
w d e rvckor bmtroubleyou m f conduktco 寶馬商店,10
完美的一日健行 弗里曼峽谷步道 威拉克公園 貝蒂 B 迪林步道,12
威瑞東京警察俱樂部舉行集會,15
永遠我們的孩子他們有我們的心藝術家點波士頓山,0
斗篷精明的夢想,13
是啊，瘋狂地打，不等，打開磁帶該死的,4
編輯髮型工作產品打破圖像重新創建風格,13
Melhor que Carnaval 不想離開紐約 Lavo NYC,19
糖香料很好又名亞特蘭大,9
謝謝本·桑達斯基哦,3
官方等了很久,0
十一月星期六 邁阿密 非洲豪華 Teamnani BME SNG 禮物,4
️ 事情改變了dogladyforlife teafortwo greenwood Indiana,0
今天完美的一天謝爾比農場公園,3
謝謝 美好時光 魔法城堡 美好時光 魔法魔法,7
️情歌 iamachildofgod,0
日間池塘夏季 shaggs 池塘自然家庭妹妹 hazelandralph,0
花時間與人們一起結束緊張的一周阿巴拉契亞州,5
小時 哈茲菲爾德傑克遜 亞特蘭大國際機場,2
低調的聲音火賈斯汀走了唱歌重複的流行抒情聖他媽的,4
場景風格的拍攝預設風格的裝飾看起來很兇猛,18
最喜歡的菜 最喜歡的餐廳,1
不要停止相信很棒的音樂會之夜慶祝男人生日家庭,8
噓打破了網路老公亞斯阿德里亞斯,3
mcm愛南卡羅來納州紐伯里小姐,3
憂鬱症患者想像卡明喬治亞州,0
嘿凱文甜水釀造公司,3
️白沙酒店,0
修正案石哈特槍俱樂部擴大機室內射擊場,11
嬰兒煙火煙火星期五紅色 Instareds 偉大的美國棒球公園,0
兒子 兒子 離子 他媽的 他媽的,15
蒙特利俱樂部義大利婚禮湯觀賞波蒂奇渡口,16
找到自由,0
伊利花瓣高中,3
布蘭妮·斯皮爾 亞當·蘭伯特 陽光城 陽光城,0
別讓上帝誤解了佛羅裡達州那不勒斯公園,15
快樂，親愛的，寶貝，親愛的,0
煙火十一月國歌星條旗丹佛洛多丹佛聯盟,11
查看紐約克萊斯勒大廈 OCNYC 紐約君悅酒店,1
無聲舞會馬薩諸塞州波士頓中部城市,2
感覺很好孩子日呵呵呵呵蹺蹺板貝弗利,5
歡迎來到約克村大學新家,5
男孩得到了項鍊遠距離關係我的愛我愛你我知道星球大戰我的寶貝,1
希望人們今天不計劃達姆杜姆農貿市場巴拉德農貿市場,2
善變他媽的,2
帝國大廈帝國大廈紐約女孩屋頂防頂酒吧朋友童年,11
有趣的週末 納許維爾 納什維爾 田納西州,0
狂熱的音樂,1
逃脫辯論和棒球瘋狂嘗試新菜單胡桃南瓜湯燕麥麥片小荳蔻梅倫格咖哩,10
你的個人資料照片弗萊克,1
馬特準備好關閉亞歷克斯梅特蒙克斯,9
壘球 國家 Harmodon 球 鑽石,11
數字字段數字心jk知道愛西卡羅萊納大學,13
美好的時光英俊的男人舞會舞會,3
覺得自己失去了腎臟有氧運動,2
Gear truliedogs max 狗 小狗 max shihtzu dogsofinstagram,0
喜歡伍德布里奇中心,1
尼莫水族館西雅圖華盛頓魚 尼莫西雅圖水族館,0
驚喜奔跑雙胞胎姊妹 kbirdtsuj,7
Paniccccc 萊克伍德圓形劇場,1
詹姆斯·B·沙利文 迪士尼 皮克斯 詹姆斯·沙利文 Monsterinc 電影 愛情 Peluche jtaz,1
胖女孩貝納德爾之家,1
有趣哈哈哈維海厄利亞城的進步,2
巴伐利亞旅館弗蘭肯默斯廊橋 y 課程拍攝,1
紙杯蛋糕 BFFs 生日快樂媽媽上萬寶路馬裡蘭州,0
地方討厭糖溪酒莊,8
感謝scentsy愛好者的支持,13
射擊影又名昨天業界朋友支持彼此的夢想,18
德州洛科埃爾帕索,0
美好的時光分享體驗晚餐聖誕節 emelecr 博卡多,0
需要說明文字除了照片斯巴達體育場,14
抽象諾拉·格萊維爾街社交,18
熱涼自我芒果辣椒酸橘汁醃魚有機,12
很高興終於添加比利柯林頓音樂會列表,5
週末女孩ve,11
旅行英里紅色天鵝絨芝士蛋糕 Magnoliabakerynyc Rockafella,0
採取雄偉停止訪問公司遺願清單,0
愉快的疲憊 TBT 紐約馬拉松 團隊合作 Instarrunners runlove NYRR,18
觀看結束 nt find kids bbva 指南針體育場,2
航空電子設備安裝航空直升機直升機 avgeek 直升機飛行員飛行員飛行,6
週日免費曬黑週免費快速曬黑免費,12
令人驚嘆的周末美麗的女孩林肯紀念華盛頓特區林肯,0
感恩的呆子約會浩酷,0
故鄉石山頂,8
TBT 卡米最好的朋友珍妮佛享受週末波士頓抓到保稅,5
威尼斯海灘 威尼斯標誌 威尼斯卡 威尼斯夜 威尼斯之光 威尼斯生活 威尼斯海灘,19
美麗的夜晚 sohohousemalibu 馬里布 海洋 sohohouse la soho house 馬里布,7
與斯坦利的聖托馬斯盧瑟福一起享受更好的嬰兒依偎樂趣,8
️heart walki 跑了一點，哈哈，歷史悠久的瑪麗埃塔廣場,0
好萊塢生活中的一天生活在費城梅爾羅斯大街,12
生日快樂，最好的媽媽，人生有時間了,0
夜鎮阿蓋爾好萊塢 阿蓋爾好萊塢,7
奇蹟讓心靈精神停滯奇蹟環繞,7
抱歉，雙克不想離開女孩週甜心,0
早安高速公路,1
納許維爾逃脫遊戲,16
小隊附件,15
yaaasss girlll打賭看起來很漂亮,9
福雷斯特劇院造訪費城第二故鄉經典美麗的大帳篷,0
聖誕追尋點亮iheartnu西北大學,4
媽媽我的朋友惡霸密西西比州立大學,15
紐約市皇后區大橋,12
梅里克·斯通熱愛聖伊麗莎白地區醫療中心,8
等待敏壞男孩值得煙囪稅多倫多聖誕市場,1
閨蜜布拉德利大學生日快樂,13
失去節奏失去靈魂 Bayside 邁阿密日落 佛羅裡達 Bayside 港口 邁阿密,7
早安三星百年醫療中心,7
被駭客入侵的電話在史蒂芬查維斯大街教堂唱歌,2
麥卡利斯特霍爾的好麥卡利斯特看起來美好的下午麥卡利斯特霍爾,13
非常感謝 bbsjazzbluessoups 餵肚耳,0
哭天哪，艾德溫愛寶貝女兒艾德溫不哭寶貝yy開始,0
傳統榮譽宴會排練快速 aisesnc 菲尼克斯會議中心,5
平安夜聖誕快樂星巴克,17
美國日記頁 波特蘭 美國 旅行 旅行 旅行癖 Instatravel 假期,11
男人傳奇爸爸感恩節大蒙多馬車車輪,13
他媽的愛美麗的妹妹anyacmann vickycsummers,1
說是的禮服更接近婚姻愛情,0
生日快樂女孩日愛 sooooo carrabbas,0
今天感覺有點小,0
男友模因 canibecool 麵包屋,2
完全依偎在查爾斯舒茲博物館的史努比醫生,0
️默瑟島海濱,0
週末快樂 印尼 Cantik 二重奏音樂劇,3
昨天WCW 享受了煙燻poutinerie 尼加拉秋天,3
遠夏草原節最美好的夜晚,8
咖啡雨讓早晨變得美好 佛羅裡達州塔拉哈西,12
該死的大家都忘記發簡訊了,2
野馬帕斯賽車公園,11
#VALUE!,0
保持涼爽熱 piffunit fetti trill 狗屎 el,15
普拉納俱樂部,6
陷阱爺爺Lethealheel 世界上最完美的狗,0
發誓上帝會永遠愛你郵政咖啡公司,5
安妮·達爾弗雷金尼奧 最大的動物 em 愛情片 肯特省,13
幼兒床意味著家長團隊,16
喜歡傳奇的西好萊塢,0
城市 hannahgroatphoto 休士頓 htown cityphotography 市中心 Crosspoint 教堂,10
夢想相信取得成功TBT碩士學位專注於佛羅裡達州奧蘭多的磨練,15
底特律動物園的圖片錯了,2
nosllevaelviento bff 波士頓 Loveher 紐伯里街,13
失蹤合夥人犯罪 mcm mancrush 新澤西州米爾維爾,3
聖誕節時間 空氣鹿公園 美麗的聖誕節丹吉爾,0
白金金髮女郎 balayage 甜美女孩頭髮 hotd,0
小佩斯利胡特簡斯維爾,13
聖誕城 紐約市 紐約州,17
美麗的新娘新郎祝賀卡斯特羅everafter Missioninn,0
頭髮父親的房子,1
達拉斯福特沃斯,14
愛NT貿易世界mmm fadedent bodytapp,15
TB喜歡那些波浪洶湧的波浪,3
善良的一天紅色皮夾克和黃色出租車微笑公園,1
歡樂日 C L E Fam 西市場,3
愛披薩 尼基斯 ROM 披薩,0
需要約會之夜愛情 Bringonthewine 麥考密克和施米克斯海鮮和牛排,3
接吻習慣備忘錄,2
英尺雙旗發現王國,7
mac冠軍福特球場,6
點啊哈哈 古巴咖啡 ellibre Cafecito Day Se,2
開始新年的最佳方式佛羅裡達州馬德拉海灘,12
關鍵日快樂購屋者可愛驚喜房地產,5
擊敗烏鴉週摧毀了早晨很棒的鍛煉,2
表弟多倫多 多倫多海灘,0
採取男孩丹尼爾老虎現場想法,16
billlllllliard 銅禁令 月光即將推出 月光管公司,1
小人柄英俊的臉阿靈頓公園休閒,0
愛肯塔基州列剋星敦公主,8
保持黃金創意任務班aphoenixalwaysaphoenix idea Mission,7
不想快樂過新年,3
最偉大的現代藝術家 現代藝術博物館,14
不耽擱今天書畫房子娃娃,5
愛啊啊啊,13
新家鄉說你認為貝索衝突 aintnomogrindhouse 甲骨文,2
Whyismydrink發光低語峽谷咖啡館,19
校園美麗的女孩去大學密西根迪爾伯恩,5
艾拉兄弟房女兒藝術蜘蛛人盔甲山堪薩斯州,0
萊姆自拍歡迎員工摩根傑西自拍瘋狂星期六佛羅裡達州坦帕,18
讓春假的人們,13
因為愛白楊山,8
更好的眼睛 Candyhim Margs 德州路屋,1
發現 mysanantonio Goodpeoplesa 攪拌機之夜 可愛的 kaluzaruby,10
很高興結交新朋友正義凱利阿拉巴馬州海灣海岸,9
聖誕快樂愛重聚貝林格拉特,0
美好的一天 紐約 熨斗大廈,6
別緻別緻商店 beautybeautyisanattitude Chicgirlsclub,14
週媽媽瘋狂生活NT圖走蛋殼時間,2
笑生活美麗姐姐高興,3
ooooweeeeeeeeee 科比曼巴奧特 kstatembb 耐吉籃球 Bramlage 體育館,4
莉蓮奉獻晨間教堂馬裡蘭社區,0
巴哈馬純粹幸福大盧卡亞度假村,12
很棒的很棒的舞者節前的感覺,0
喊出 DJ Spinnin 人物 Kingology tho littttt 月光水煙,4
感謝伊薩卡學院,7
晚上托倫斯聖誕燈,17
波士頓 波士頓後灣 Jessfoto 感謝 Jessfoto 波士頓 麻薩諸塞州,9
沉悶的時刻樂趣與蒂亞一起購物,2
nggas talkin sayin sht tmiw photocred,10
紐約時代廣場 時代廣場 nd 街,0
上癮的酪梨吐司廚房,1
好友雷斯提斯 新奧爾良 路易斯安那州,3
我說錯了，不是對的，哈哈，結束了,2
討厭的身體搖晃他們安娜利菲斯,19
德州七點,6
女孩對愛爸爸的女孩克羅克公園,0
認識新侄子查理 查理霍布森tinybaby,0
國中寶貝中央地區高中,0
Facetime 表哥做鬼臉,2
最暢銷的身體美白套裝擁有玫瑰色淺膚色,1
感恩的家人朋友底特律體育俱樂部,0
和德維尼開玩笑，聽舍溫的話我想念你最好的朋友獨立港,2
熱門約會拉里英語炫耀雜誌髒衣服,3
週五晚上點亮noho藝術區,4
訂婚會議時間華麗的婚禮時間凍結,18
寬敞的調度磚吧,13
永遠最喜歡的staygold 蘇打水樵夫,0
最好的正式約會詢問科羅拉多州埃斯蒂斯公園,8
肋骨傾斜門 sffoodie 美食家 sfeats 肋排燒烤,1
最喜歡的人最喜歡的地方大德克薩斯州,3
嘿yyy佛羅裡達州奧蘭多,1
彩色玻璃 VMFA 維吉尼亞博物館美術,13
今天是好萊塢大道偉大的一天,19
佛羅裡達中央大學,6
️ 黑暗美國區後的美國區晚餐,0
十二月 霍爾科姆購物中心 休士頓浸信會大學,15
祝寶貝妹妹今晚籃球比賽好運 南達科他州拉皮德城,16
朝聖 喬治城 蛋糕 波士頓 麻薩諸塞州,1
生日快樂最大的混蛋知道謝謝,2
喜歡,2
今晚活結 tmobilearenalasvegas 果醬啤酒屋 甜啤酒屋,1
昨天肯定預訂了 edc 紐約花旗,7
謝謝美好的一天，美好的一天的開始，我喜歡這種感覺，吃得好，旅行好，邁阿密太棒了,5
足球看起來很胖 自拍反射 射手工作 mygettyoffice nyc,14
️布朗克斯花園木材布朗克斯植物園福雷斯特秋季秋季十一月尤金尼亞基姆,0
生日快樂寵物超市傑克遜維爾海灘,1
索莫音樂會夜屋藍克利夫蘭,0
今天的浪漫日落海灘水晶灣州立公園,1
繁榮繁榮繁榮繁榮週二最酷的派對DMV,4
這件事發生在哥倫比亞華盛頓特區,2
幸運 mcm 紐約 紐約,0
睡前魔法煙火床頭板華特迪士尼世界奧爾良港河畔度假村,3
美麗的新娘捧花搭配胸花 邁阿密珊瑚山凱悅酒店,3
最大的bender amp高麗菜吸maggie,14
nt 傢伙轉發 millerwentworth 轉發應用程式・・・團隊,0
夜間加熱器 果醬 果醬 蓮花 Lotusvibes 芝加哥裡維埃拉,4
我們希望繼續關注我們轉向通知,0
失蹤 mcm 芝加哥 伊利諾州,3
夜晚年輕人來慶祝迷宮之火,7
fakey Slowmo 撥弦低音弦 國際之家祈禱,2
Obsession 褲子 Unreal throw 最愛的合身西裝外套別緻外觀,1
是的，美麗的我冷度不適合肯尼迪寬鬆哦聖誕樹,17
夜晚 紐約 紐約生活 夜間 最後一夜 愛之吻 奢華,9
昨天的訂單目前已包裝，不等待接收擴大機磨損,13
Sadie KD 喬治亞俱樂部,13
️帕特森紐約,0
娘娘腔最好的太興奮了我需要這個按摩面部為什麼不按摩,5
小時間聲音音樂音樂家音樂家原聲鋼琴唱歌曲,16
馬來西亞捲髮錯店虛榮 thehairnetwork 頭髮流量 頭髮流量,1
興奮的臉 lmfao Fantasybeaststo yongedundas 廣場,2
生日快樂最好的朋友希望今天很棒,0
感恩小石河市場區,7
今晚 choker suzywandeluxe venu 波士頓,0
野馬NT拉力賽之夜閃電延遲,8
追鳥而不是追人 阿拉巴馬州西格爾 阿拉巴馬州海灣海岸,6
最佳萬聖節愛德華·勞倫斯堪薩斯州,1
攪拌瘋狂蛋糕 allofthecakes 婚禮 阿什頓酒店 阿什頓酒店,1
聖誕燈瑪斯佩斯女王,17
遇見童年英雄餅乾怪物有點奇怪,19
絕對喜歡新的鬱鬱蔥蔥的沐浴炸彈，出乎意料,1
阿基里斯遊戲朋友媽媽爸爸時刻比利運動酒吧,1
燒烤醃製雪松煙熏烤鮭魚片哦耶好德克薩斯州達拉斯豪華咖啡館德克薩斯州,0
傳統基督教學校三年級小學生,5
不相信方式很舒服是的睡著了角鬥士火焰,0
今天收到郵件，感謝整個團隊,16
復活節快樂，與家人朋友共度時光，復活節快樂，家庭樂趣，挑蛋,12
華麗的偉大的普通可口可樂裝瓶公司,9
夜間工作站立旅行桑迪戈 woohoo 為首,16
輝光得到了母狗搖晃貝德福德史岱文森布魯克林,7
達拉斯植物園 植物園,4
重聚未來丈夫愛ripcordworldtour,1
晚星幸運快樂包圍美麗的女人,5
天不想,1
感謝支持時間到了,0
爪子 WWE 摔角手 Youmadbro Beardlife Beardgame Beardgang,2
itquality街頭音樂場所,4
混亂的德州 Primelife Bigstuf Boardwalk 海灘度假村,19
日落 休士頓sunset magnoliatx cloudporn stagecoach 德州,1
步驟順序去哪裡要去哪裡,13
達尼讓代托納更熱 代托納海灘海洋漫步,14
可口可樂晴天亞特蘭大市中心尼斯建築可口可樂粉絲墨西哥美國旅行,0
傢伙工作更糟糕 rhinostyle Spearmintrhino 內華達州拉維加,2
愛 koko 泡芙 dhalias 天鵝島 大麗花,1
感謝親愛的朋友拍攝訂婚照,0
節儉的 Melaninonfleek 止痛咖啡烘焙公司,0
認為富礦飛行善良的一天 Flygooddontsuck tubebreaux 航空,11
藍色象牙色,6
工作很有趣 bgs 體操,2
看起來很生氣 AF 圖片 lmao 轉發到 el primo tomsurban,2
蘇必利爾湖今晚看起來非常漂亮 明尼蘇達州大馬萊藝術家點,14
年哥快樂多倫多安大略省,16
掛父母鳳凰哈特蘭無線,17
火雞腿嘉年華阿拉莫身高之夜,1
休閒郵政魔法 kingdown,2
鹿眼西德,10
馬裡蘭州日耳曼敦酒吧,4
愛充滿活力的頭髮獨立中心,1
️ 華盛頓山奧姆尼度假村,0
️ 迪士尼好萊塢工作室,12
西斯塔·阿諾莎·米斯塔非常喜歡UNCW,3
顯然渴望消防員布萊斯泡菜嬰兒裝扮幼兒sofinstagram,2
拍攝它的吉普東西凱伯勒通行證多彩科羅拉多,18
yoooo 今天準備好了 Liquidslam Heathersthemusic 布勞沃德中心,15
血統點燃歡迎家庭馬特詹森艾利馬克滑稽豆大學,4
美好的一天喜歡見到朋友與好朋友,3
以完美的方式結束美好的一天我總是做得很棒，先生,5
密西根州馬斯基根永遠的家庭,3
令人難以置信的一天晚餐屋頂博卡風格博卡瓦爾多夫,6
阿肯色州鮑勃西格瑪努大學入伍,11
第四紐約蘭貢醫療中心,1
西海岸冬夜約會之夜加州帕洛阿爾托,8
嘗試拉紫色是的也許適合新鮮一如既往低調領帶夾,13
湖週末 蘋果谷 俄亥俄湖,0
好萊塢 好萊塢 sunnyla 好萊塢山生活方式 洛杉磯 sexyback,7
混凝土叢林西雅圖海濱派克市場,12
代表熱愛聖大衛爸爸,16
熱烈歡迎奧布瑞伊萊恩阿爾布蒂娜一家,3
紐約時代廣場 時代廣場,0
帶來了德州PBR聖路易斯,2
tgif 快樂午餐 科西法明頓山密,2
抓住亞歷山大小姐今晚生日套餐可用晚上 e 特里蒙特,0
最快樂的生日祝福自拍女王最好的朋友愛很久不等了,0
選擇視角 加拿大國家電視塔 latour cn,6
我坐著希望在牡蠣中工作,1
開始假期 田納西州 孟菲斯,5
漫長的拉票日 pa va dc find,11
看起來像凱莉詹納 ri 紐約海龜灣,2
快樂的好朋友來參觀東伊利諾大學,9
欣賞康尼島風景,1
自拍新房產加利波利斯俄亥俄州,16
享受早晨 rb biffstagram dogsofinstagram jackabee,16
酒鴨臉真實女孩紅唇最好的朋友金髮女郎紅酒朋友,9
感受加州洛杉磯,7
男人看 MF 男人 FiveBarbers OTR 現場,2
約會之夜小男人北梭魚燒烤,3
愛溫伍德壁畫邁阿密人道協會布勞沃德縣,8
感謝令人驚嘆的朋友上帝讓回家的生活變得特別,0
zoltarshot 今天有趣的東西 redmango,18
西喬治亞州 Promk 大學小隊之家,19
親愛的iceempress brittianyp 穿著經過認可的鞋類創意,0
馬薩諸塞州奧克布拉夫,5
是的，讓超級優雅的傢伙快樂海登島又名,5
英俊的男人側面復古風格愛男孩,0
青春期前的夢想成真尼克喬納斯關閉聲音檢查NT,1
嘿嘿嘿迪克默特爾比奇度假村,2
轉發 Lil Bro nt 黑鬼,2
威幻時代廣場,1
貝勒大學快樂,12
神槍手射擊殺戮戰爭準備週末,2
布魯內特重新發布吹乾蒂納托巴髮型,1
火災 亨姆斯特德 夏洛特 北卡羅來納州,4
失蹤的加州陽光右聖地牙哥加州,12
女孩迷你女士大 y 造型連身裙項鍊 Shortwomen,1
快樂的一天 有點無聊 生日快樂 我們試著踢球 oncelmaoi 希望你的一天 ily,0
紐約州下東區圓形協同健身俱樂部,4
新最好的朋友佩特蘭·西塞羅,0
Sheeessh gloccboyz wrmr 陷阱 傑克遜維爾州,4
你還沒準備好 tanboys 自由式 今天上架溢價,4
nt 選擇我很高興來到 bg 鮑林格林州立大學,3
回家日提前死亡,2
全國 Takeahikeday 瑞安克萊恩優勝美地秋季,10
英里跑拉維加地帶深夜娘娘腔單身女郎,19
完美的方式結束一天洛伊斯唐塞薩爾酒店,13
加州格倫代爾 BX,10
懷孕腳腫了，太棒了，他們實際上受傷了，懷孕時尚 prego,5
sopretty steamwhistle mymarkt 蒸汽哨子釀造,1
老派星期四品牌設計早日最愛,11
最好的朋友 印第安納大學 賓州,3
時間魅力令人難以置信的 tnaf 巴克海特劇院,8
半個街區，錯過基督教科學中心倒影池,5
騎士之愛,3
感覺就像圖片我在說再見，他媽的現實嘗試一樣,2
看到說話走過商店標誌哇樂高樂園,1
Luxurywithlindsays 行銷計劃進行了不同程度的詢問,15
星巴克日支持新紅杯星巴克金聯,1
時間再見迪士尼魔法王國,7
與團隊一起度過愉快的假期，從我和我的到你和你的聖誕圖片,17
跳過湖日 dutchbro 湖木,18
哦埃內斯托小摩爾愛家庭農場有限公司,0
小窩昨天假期午餐公園,17
藍莓鬆餅pittieswhobrunchpittiesofinsta社交屋,8
行使了正確的投票權 肯定•••••已投票,11
愛神奇的女人妹妹,8
嘿，愛，再見，加特林堡市中心，大煙山,9
最好的朋友早午餐格子餅乾桶老鄉村商店,0
內華達州普里姆,2
密西根湖美麗的日落湖岸駕車,1
最好的生日感受到了遠近的愛感謝生日的愛,9
獲取新聞 gbcollege thechefshouse cpbreakfast 奧利佛李,10
節日快樂數字蜥蜴厄運 dlod 假日派對 聖誕樹 聖誕節,17
冷酷事實 女兒還沒看到狗屎,15
火眼大島壽司河豚酒廊,4
讓我告訴你關於亞特蘭大最好的朋友•帳幕,18
最後，Timberland Supreme 喬治亞州費爾本,16
感覺沙拉更漂亮 一年前偷走了心,1
ijsyou 有 lafitness 健身 fitpo 動機 la 健身,2
週四下雨 紐約曼哈頓上城購物,14
享受篝火之夜漢尼拔密蘇裡州,4
時間讚美主聯合五旬節聖潔學院使徒和主教聖殿,4
真正觀看音樂會一生經歷冷靜他媽的驚人,0
真愛兔子 bunnyportraits bunnyportrait bunny bunnylove 兔子 minilop,0
新聯降週深工作室,4
️ 瑞普威利旺卡吉恩懷爾德 Godspeed 紐約 紐約,0
️ 加州卡爾斯巴德,0
紐約搖滾,7
長頸鹿的樂趣 夏安山動物園,16
晴塊 烏雲 影片連結 生物陵墓,4
試試灰色的東西美味的賓客餐廳,7
加勒比海女孩音樂影片準備階段發布準備就緒,4
旅行弗蘭肯莫斯吃雞生日快樂媽媽巴伐利亞旅館,0
最好的朋友 evr 西維吉尼亞州摩根敦,0
伯恩特伍德電力線公園,18
米基豪斯利桑德雷羅斯婚姻生活愛情電影喜劇酒吧,0
差異月讓父親成為 Gerberbaby,8
今晚點燃不離開邁阿密檢查停止俱樂部博伊,4
今晚開車約會之夜舊時光電影模擬功能月光驅動器,0
史蒂芬泰夫最快樂的生日最喜歡的女孩,3
瀑布日 美國瀑布 瀑布 恩菲爾德瀑布 伊薩卡 伊薩卡瀑布,2
完美發揮,1
聖誕節時 ky pappasitos 小酒館,17
事情還遠遠沒有結束，自製男孩謙虛的馬林縣,15
野蠻完美的戰利品戰利品目標狂歡戰利品戰利品彈跳戰利品圖片戰利品fordays,2
準備戰爭大斯威夫特坎特雷爾公園,8
Ridn Shotgun 感覺良好 紐約格林菲爾德中心,6
不信年神特別天使寶貝樂園紀念館,0
想家了 長灘尼諾 加州 東大西洋海灘 海灘生活,0
薩克拉門托 rad 開始表演 runawaykids 薩克拉門托 abouttimetour,18
今天寫行銷諮詢將軍就像踢藍鬍子咖啡,0
卡爾坦普大學,0
細節玫瑰金 kate spade 手鍊 Got 水牛交易所 dt 波特蘭,0
祝福愛情和問候感謝生活，不管怎樣 dancehallmacarena,0
奧蘭多年的超級星期六,1
寶寶想要聖誕節小狗，因為聖誕節不能停止不會停止,9
婚禮爸爸塞拉拉凡爾納鄉村俱樂部,0
愛董事感謝,0
不會在全國新聞中出現,11
冬季來臨，液體古銅粉讓臉部全年煥發光彩,7
fridates lucy disisdphotos 海洋世界餐廳,3
甜美的陰影肯定知道TBT採取梅瑟沙漠,14
芝加哥 芝加哥 Mainetravels 旅行,1
攝影師維羅納公園,18
黑鬼瘋狂商場,15
遇見未來丈夫的時刻 馬龍諾弗肖恩團隊 馬龍壓力,1
愛歌手聲音不錯的選擇,6
pel遊戲星際大戰版當然我不看遊戲，我認為這很可愛,0
夏季新熱門歌曲音樂第二封面工作室會議,4
樹木照明伯克代爾鄉村療法狗泰特利·泰特利夏洛特·泰特利聖誕節,17
德克薩斯州哈林根 Whataburger,1
感恩生活美好 ol 美國 mdw 史密斯山湖,11
錯誤地承認最輝煌的時刻,2
汽缸原因 看起來類似 刻度 刻度,19
實際上微笑需要點擊生物溫度幸福汗水記錄,3
蓋伊之家公園,16
感謝最好的朋友，厚薄的拉維納密西根州,0
最喜歡的孩子和亞利桑那州女孩塞里托斯公園東,16
今晚卡利聖誕節 djquiz theheavyhitterdjs blackbottleboys bbb lax,10
類別 眼鏡 Reallness Rodeo Drive 貝弗利山 加州,6
有趣的資訊工作始終如一的蚱蜢,2
美麗的秋天等待不關心,15
最大跌幅 現代歷史 umf ultra umf ultra ericprydz opus ultra,1
Hairgeek 鉤針辮子 自然頭髮改造 頭髮極客,14
回憶週日檢查小牛的最愛,12
動物園右維拉諾瓦大學,2
酪梨粉碎核果濃縮廚房,0
開始 sjdancecompany 過夜效果,16
半成功之夜羅利北卡​​羅來納州,7
享受浪漫之旅華麗駕駛,9
思考愛粉筆大綱即興表演哈羅德感謝冬青村,18
快樂黨團會議前夕第一屆首都廣場,11
超級盃冠軍繼續衝擊黑豹野馬隊的鄉村,8
不喜歡早餐晚餐特別​​是自製華夫餅早餐atagds,1
深夜 sineastlos 享受音樂 Kim Tillman 令人驚嘆的女歌手 kimtillman quetzal,0
得到盒子 北馬特旺 西弗吉尼亞州,5
聚集部落溫暖聚集,0
有趣的巡迴最喜歡昨天的喚醒森林大學,16
紐約，紐約,6
兒童遊戲睡眠火車競技場 smh 睡眠火車競技場,2
特雷霍特南高中高年級學生,3
室友照片來高橋肯塔基州,13
聽聽看會 litt errbody come fucc wit da child dirtysummer,4
stragglife xsplashlyfe 推出早鳥票瓶裝服務,4
最後是費城華伯格,5
無法打破的紐帶 弗吉尼亞州 薩福克,5
日落景觀水oldnightterrorsrun getoutside Sunsetrun sunnyside,0
今天買了舞會禮服 pc plaistow,0
大量客製化魚竿選擇位於吉布森堡大壩的 mastersbaitandtackle,0
不可查看珍貴的帝國帝國大廈今日的彩虹,15
夢幻美麗華麗婚禮當天聖瑪麗天使教堂,1
泰國菜 喝 昌啤酒 baan 泰國餐廳,0
看過騎自行車工作雪世界貿易中心紐約曼哈頓一月冬日之光,0
迪士尼 華特迪士尼世界,0
格倫代爾駝背牧場,8
紐約州布朗克斯區赫爾希派,1
非常緊急,2
觀看總會大會 ldsconf 默里猶他州,3
愛,0
週六穿 粉紅色百日咳 粉紅色 manalapan manalapan,3
聊天,2
親愛的 Summerim 準備好 putindatwerk 動機,19
謝謝難以置信的夜晚雜碎,0
粉紅色最愛令人震驚的知道楓樹林高級,3
是的，她很棒，容忍母親節快樂，愛馬斯卡競技場,3
週末 密蘇裡州,0
清晨奠酒貝利伏特加和咖啡鬱鬱蔥蔥的nah腳,2
中央公園 紐約中央公園,11
今晚搖滾吉他曼多二人組 Stubbsatgraceland pm,18
最好的男朋友謝謝寶貝 Hesmine 辣椒燒烤放大器酒吧,13
貓咪的權力之旅跟隨喜劇 pleezy pleezy,2
今天粗糙的東西 austincogar cliftonbikeshop bmx,10
蟹蝦晚餐波本山核桃派甜點,1
陽光看起來藍色 紐約 紐約,8
最喜歡的地方 最喜歡媽媽 ily 小馬牧場,14
今晚支持乳癌 Shoesacure 活動 Shoefie Love Sotd Waldorf,3
媽媽TBT 邁阿密陽光島海灘,1
更好的早午餐約會骯髒的法國,0
人們觀看 instalike instadaily likelike merrickpark 小鳥保安店,1
從週一開始 right Smokeshowoftheday aybandz 提交條目,4
室友一個月沒生病,0
爸爸生日聚會情話謝謝,9
發送擁抱,0
懷念女孩約克維爾碗,0
照片聖誕節過去弗里蒙特美妙的妹妹朱迪安普,17
牙醫辦公室入口網站 Brady Bunch 住宅 DentalOffice BradyBunch,5
攝影挑戰賽感謝這個詞“好吧我抓住了”,5
被稱為家的小地方,13
見過的最可愛的蛋糕 pwatbensalem 繪畫withatwist 繪畫扭曲,1
認為椅子看起來很酷安大略皇家博物館,19
ufc mcgregorvsalvarez msg 麥迪遜廣場花園,16
恭喜切爾西安普斯科特愛德爾雷海灘萬豪酒店,0
純歡樂白魚鏈,8
美好的一天贏得福克納州立社區,12
剪裁顏色 丹佛造型師 denverhair 丹佛 科羅拉多州 ellebsalon 傑斐遜公園,0
史威萊克梅里特,2
搖擺致敬新奧爾良會議中心,15
夏季拍攝 ff 長島紐約時尚killa swag flek theluxuryswap,4
兄弟目標田納西州諾克斯維爾,1
迪士尼魔法王國冒險世界,0
缺少主要擠壓睡熊沙丘,0
生日快樂夥伴犯罪最好的朋友妹妹,0
你認為遊戲狗人類LMFAO早期聖誕節,2
傢伙變成粉紅色買女朋友內褲有趣的凝視,2
保持優雅的服裝牛仔印花布鬼城印花布鬼城,1
驕傲醜陋的聖誕毛衣餅乾 emimax 教堂耶穌基督,2
湖日小狗 密蘇裡州聖路易斯湖,0
愛肯齊·西格林高中,0
愛女孩死亡康科迪亞堪薩斯州,8
街道放聖誕燈東部秋天費城,0
人生旅途中遇到的問題需要解決 小熊維尼,8
日落 日落 華盛頓 華盛頓特區 環遊世界 旅行者 旅行愛好者,6
丹佛右草地鷚,10
週一快樂，讓我們發布新的秋季高級會議,6
卡住工作 d 床埋毯​​ Marabolyn cta,18
近距離觀察尼克·剃刀切割伊姆戈德威爾·戈德威爾尼,16
光明黑暗星期四思想破壞聖誕節加州聖莫尼卡,7
春夜擴大機甲板派對富蘭克林田納西州,0
謝謝你朋友,0
嘿朋友發自內心地感謝最好的我,5
感謝鮑威爾俄亥俄州,0
起始圖片來源 vaibhavsahdev 封面藝術家肖像 肖像,15
分區製作史詩般的旋律壓緊唱片購買擊敗謙虛和飢餓,2
點亮夏日十六 SAP 中心,4
主要活動娛樂,15
Corneliusplus 現代叛逆爸爸帽子,18
女士晚餐標準傾倒,0
晚餐很棒的小酒館 la minette,1
看起來像 astroboy 平台 drmartens instagraham 多倫多 安大略省,2
今晚點亮海鮮帕帕多帕帕多海鮮廚房,15
希望美好的夏天能像我的甜蜜夏天一樣去了拉斯維加斯,5
最新的列夫果園山中心,0
聖誕快樂 Trocormicks 希爾頓逸林酒店,0
慶祝變老明尼阿波利斯明尼蘇達州,2
蓋伊·科利斯特克利夫蘭凱悅酒店商場,0
你好朋友想騎羊,2
️ 邁阿密南海灘,12
時髦的一群 lyfe 埃迪斯托島海灘,11
座右銘 德州奧斯汀生活,15
早上好朋友時間享受生活週日樂趣房地產經紀人房地產,12
開放希望醒來日視圖,5
第一天 博伊西朋友 中國藍,6
燭光服務奶奶平安夜聖誕節辛卡蘭克福德家庭,17
約克休士頓榮譽服務國家購買,11
小姐週 小姐海洋城街,0
真正理解快樂 wcw wce,0
m live montclair 高中大門打開 goin hit 容量• teamlilman,2
momcrushmonday 不問完美媽媽愛港邊的地方,0
月亮af男孩明天去了射擊場,4
舊金山 舊金山 卡利 舊金山 加州,6
你想笑聽到嘗試唱盧克布萊恩 SC,2
微笑美好的一天第八死亡死亡詹姆斯·麥迪遜大學,10
迪士尼樂園,10
Todaycleanseadimuritual 埃諾河州立公園,7
推出新款 King Nynike Air Jordan Space Jam hypebeast,18
芝加哥伊利諾州,1
週四瓶裝擴大器寶貝之夜坦帕最瘋狂的派對今晚 thedrynkd,0
falconxmasparty paseo 真實接待,0
kita waras kok 即將刪除,5
轉發一個孩子闖入lovenest renwickgallery renwick,2
婊子M星好萊塢山,18
新英格蘭林肯學院,7
藍松鴉訴洋基日 ⃣ 喬治·M·斯坦布倫納球場,12
媽媽最好的朋友橄欖園,0
代表SF戰士Dubnation主食中心,19
告訴在華盛頓聯合市場工作的人們,18
該死的夜,2
哈哈看到皮納塔像哈哈瘋狂加州威明頓,2
親密套件護理手掌想要安全包裝薄荷糖,2
午餐時間我準備吃歌手歌曲作者藝術家醇酸音樂音樂家,19
黑幫貓雪地旅行bfgf 俄勒岡州塞勒姆,3
聖誕節提前開始 安大略省聖誕節街道維爾,17
愛人薩尼塔斯山步道起點,0
在市中心工作很酷的新壁畫 weareyoungstown 俄亥俄州揚斯敦,0
謝謝山姆希望你在好萊塢生活愉快,5
抬腿屁,2
肚子打嗝乾淨，聞起來美味新鮮的 T 卹像玉米粉蒸肉一樣包裹起來,2
爆炸之夜生日狂歡感覺空氣謝謝,0
復古時尚達人林恩 (Lynne) 採取了紫色剪裁 sara eriehairsalon,13
需要保母 HMU 孩子喜歡 Bravo 小酒館,3
今晚的舞蹈剪輯課檢查 vid fb humpdayhiphop 我知道,7
紫色牆壁搭配米奇耳朵迪士尼魔法王國,13
地球上最快樂的地方 最幸福的人,0
與凱特一起度過愉快的早晨很棒的帖子流程,14
小陰沉的星期二早上幽默很棒的民間指南針咖啡,5
夢想花園苗圃,15
非常自豪的小兄弟不等回家球衣艾科卡·霍爾,0
今晚超級月亮管理工作小型精神炸彈亨廷頓公園公寓,2
保持風暴軟玻璃海灘門多西諾玻璃海灘,1
弗里耶 北貝爾莫爾 紐約,19
殼牌硬行動跟隨 NH Lee 山頂北,1
麻煩製造者團體 Croakersspot justinqyoung FirstbornDesigns Paintnsip,2
防彈少年團美好時光拍攝季節之夜敬請期待,4
最好的瘋狂,4
tho lmao rt lemsmsksldllddllmfaoosooskls,2
說實話停車場死亡陷阱,2
參觀南卡羅來納州 Ziggy Work Folly 海灘,3
神奇之夜 Tommyhilfiger 檢查 facrbook 照片 tommyxgigi,10
愛希拉蕊微笑辯論,0
沙灘排球隊羅傑斯州立海灘,6
感謝讓我感覺可愛的小猴子庫,0
標誌放置norkatastesbetter breadheadbistro craftsoda,15
開始接受事實不是好圖片哈哈 mcgregorvsalvarez,2
️ 密西根大急流,12
害怕好事嘗試雲,6
上帝保佑年輕的黑鬼投入工作thekamilifamily,18
清晨散步芝加哥湖橡樹街海灘早安海灘夏日氛圍,12
聰明的,2
發生的事情讓珍娜見證,7
essie 想要生日甜點 scalinis 義大利餐廳,5
v afterdarkgallery ohwetalkingteams 戰備,18
愛愛愛孩子點佩迪多帕斯,0
友誼朋友忠誠兄弟諺語,3
約會美麗的女人花生凱蒂約會之夜,13
家庭 p 是的 山姆隱藏女童子軍餅乾襯衫堪薩斯州陸上公園,8
旅行最喜歡的網站像家一樣的地方,1
柏克萊自行車與 Magoogeo 始終在線酒店健身保持電梯,6
高年級之夜驚人的女孩愛一堆史密斯堡高中,13
希望訊號點,3
週六男孩南加州大學兄弟會排,7
米剋星期一吃心世界業力,0
生日獎勵 星巴克 starbuckslover 生日 happybirthday mybirthday,8
姊妹愛歡呼游泳家庭生活j威瑟斯彭中間,0
thxx boo 生日晚餐辣椒燒烤放大器酒吧,0
吊男孩愛小男孩難以形容,8
單身男士很多婚姻研討會你好女士中央半島,2
今天生日愛漢弗萊斯大廳,13
男人真狗屎克利夫蘭計劃關閉狗屎搞笑就像 fr fr 傷害笑籃球應該,2
野馬日 wuckfestern happyhoco wedontevengohere,13
週年紀念道場人民學院武術安大略省金斯頓,5
愛夜凱恩舞廳,13
真正的促銷明天開始母親節禮品店當地勞拉詹姆斯珠寶,7
面對想要感謝聚會,18
el mejor 購物 Loveuniqlo Uniqlo 紐約 th 大街,1
海德堡旅遊感受項目,3
鉤針安裝努比亞扭發 ilovewhatido 鉤針 Ibraid 辮子 antiochbraider,0
變老注意男人看快樂tgif,14
SD Lit AF 谷景賭場中心,4
免費約會之夜自拍約翰尼壽司屋,19
洛馬克斯小姐字面上媽媽知道班級考試確保學習,3
km depois love aleiodice segundasempreguiça 會議網站,0
今天的底部書 睫毛水貂 水貂睫毛 睫毛延長,1
納許維爾之夜音樂城市鄉村音樂布雷特雷奇,0
多佛游泳者,0
哦新飾品工作,1
️ jwilljr 麥科伊堡陸軍基地,0
介紹cic sel狗的狗啟發改變社交情緒學習狗,0
anddddd 超級英雄•• bestofgainesville,18
一天學習正確的休息之前你休息太累了標籤貢娜,2
停止下午聖誕樹照明支持當地擁有,17
迪士尼過年假雪與冰雪奇緣灰姑娘城堡,8
衝浪草皮自助餐 罐頭廠飯店及賭場 內華達州北拉維加,1
開始看起來很像聖誕節傑出的指甲,1
女嬰看起來很累準備回家,1
定期泳池住宿 聖地牙哥房地產 豪華生活方式 蘭喬桑塔夫,19
Hello Kitty 發現巨型香港今日唐人街 唐人街中央廣場,1
巴爾博亞湖公園,6
️ 廚房餐廳和酒吧,0
鏡面球人豆,16
經營煙很高興支持fsuwomensbasketball,16
燈芯絨 胡德山草甸,8
緊湊放大器高放大器口袋 Mavattack mav 綠室 cosi,18
酒吧 歡樂時光 芝加哥凱悅酒店,16
永遠的旅行夥伴 哈茲菲爾德傑克遜 亞特蘭大國際機場,1
生日快樂，爸爸，謝謝嘗試教差異,0
福爾摩斯先生縣自豪 Emmagracefowler 祝福,0
更好的方式開始生日週末凱·bg,1
韋韋洛洛斯 照片美麗,0
兄弟姊妹愛海拔漢堡威徹斯特山脊山,0
高中沒有失敗，祝你好運，凱尼恩·戈拉迪斯,13
足球狂歡里士滿,5
最喜歡密蘇裡州堪薩城,8
總之很熱，我感覺專輯裡的傢伙,4
官方 M 傑霍克教育學院班級,5
人們開車小時 費耶特維爾,3
奧蘭多 好波利尼西亞島 度假村 佛羅裡達州,6
• 任何人最好的朋友 • 大學航空中心,11
媽媽的房子,6
amp Coolestdudeever 加州半月灣,0
遲來的周年紀念日快樂，永遠愛諾尼,3
明天中午檢查頁面鏈接,4
馬馬西塔斯聖瑪麗醫院,8
快樂轉變星期二高級舞會 phi 羔羊入會典禮,1
羅克伍德音樂廳明晚下午票連結 King,10
Sugarhillmuseum 人物今天來到糖山博物館,14
黛米洛瓦托史考特中心霓虹燈,0
教師培訓開始令人興奮的旅程擴大意識,1
度過了寶貴的時光，親愛的，祝福,0
終於在洛杉磯星巴克加了南瓜香料,0
感謝 芝加哥伊利諾州,0
享受休士頓小女孩招牌美甲水療中心,3
驕傲的美麗女孩別等了 s vannie studio,14
費城機場希爾頓 PT 大使館套房飯店,4
生日快樂，希望愛巴馬阿拉巴馬州塔斯卡盧薩,0
感覺戲劇性的令人驚嘆的照片珍珠,0
最好的硬漢泥巴有熱辣的赤裸上身的傢伙英雄卡里·諾霍莫,1
美麗的早晨惠頓伊利諾伊州,6
表哥聖誕節季節團隊古德溫哈特蘭,0
星期一 m 粉碎硬 mcm allllllllmineeeeeee,0
週日開始奧斯卡的好方法，積極的氛圍保持動力，強大的社會土地部落,8
️今晚瑜珈 CIA 加入,12
是的，天堂家族石首魚燒烤最好的新鮮魚水,0
鮑威爾米先生 美麗的新娘 英俊的新郎 昨天的婚禮,0
s 吉納維行政衝浪俱樂部,2
很棒的天花板設計巴伐利亞城堡專案櫥櫃即將推出,5
零食小屋三年級學生募款中學舞蹈額外,1
感受 santamonicapier 海洋 聖莫尼卡碼頭,5
格拉格森假日派對有趣資訊豐富的假日派對派對晚餐飲料,17
TBT 曼哈頓紐約市領導會議停止了米奇照片,10
聲音布朗克斯動物園,2
找到最喜歡的人夢幻島 k,9
水晶海灘,4
shimmershadowcollectionladybosscosmetics sellersuse 濕用 乾用 緊急,1
國家薑餅屋日 不能住的房子定居的人,2
奧蘭多葡萄園高級奧特萊斯 佛羅裡達州 奧蘭多,1
謝謝希爾頓威徹斯特酒店,6
世界我的寶貝南聖奧古斯丁,0
alexethik 大型日活動年文件鏈接,15
好視力女孩之夜棉眼喬,8
成功的黑色星期五 sesh 百思買,16
boo mcm 祖父式的 Fullerhouse 祖父式的 Fullerhouse 祖父式,3
感覺卡戴珊氛圍今天工作與自拍親吻臉約翰大衛沙龍水療中心,6
阿拉巴馬州右谷,2
去了地球人最幸福的地方,13
合作夥伴犯罪舞台經理第一次約會clt開幕夜間攤位劇場,0
姊妹市中心迪士尼奧蘭多佛羅裡達州,3
Latergram Max Mara amp Amy Adam 春季包款發布 amyadams maxmara cc bfa,10
呃哦紐約紐約紐約,11
kidsmy love 卡拉OK歌手好友電影,0
榮譽丹佛贏得超級碗麗塔表演臭名昭著的勝利舞蹈海報諾麗塔,2
升級鞋嬰兒ruffracing海灘公園,4
por fin junto robpattz 暮光之城 紐約杜莎夫人蠟像館,1
em yiken nite homie 無價之寶,4
壞男孩生活 lmao cirocboyz ciroclifestyle bravobday youpods mansion elan,2
週休息 趕茶 活力流 照片來源 joeyroam 衝浪,18
衝浪草皮右瓦古菲力龍蝦尾最好的東西,1
渦輪狗日夏季 abitabrewery 拉斯普卡 abita 釀造,12
布雷小姐,5
今晚我們想要 mojocarolina yntlafamilia wyldword,4
得到了男友複雜的領主精神,1
bohovibe 今日美女 ashley bohostyle 波西奇,13
amp avery 竊聽 rn amp 搞笑,2
最喜歡的聖約翰市中心假日壯觀,0
嗯嗯，感覺蓋瑟斯堡很冷,6
藍點牡蠣五花肉泡菜炒飯烤什錦辣椒媽媽lv,15
好地方叫洗衣籃可愛小時自助洗衣店,6
治療尼斯南岸醫院疼痛診所的最佳地點,1
香煙壞莫霍克地方,18
是的 ivoted 奧斯陸咖啡烘焙機,11
好可愛的星巴克,7
城市 多倫多市中心,0
邁爾斯驚慌的臉可愛克萊夫愛荷華州,3
光滑比利時強NT甘草乳頭黑色路西法,1
新的 nespresso 機器完整的咖啡包新的 espressocappuccino 杯濃縮咖啡,1
我很好，週日票我兒子明白,19
有朋友布法羅啤酒吧,3
母親節快樂，謝謝放年,3
懷念美麗的卡羅萊納之夜 美麗的卡羅萊納人,0
我快樂 奶油啤酒 巧克力蛙 蜜公爵 魔法世界 哈利波特,5
yeezy yeezy yeezy 跳跳人 kanyewest yeezy 底特律 joelouis kanye joe,19
小偷竊教堂音樂設備 liveonnewssa y got ta like,14
Rxd 不涉及跑步死亡 min amrap 硬舉,2
吸頂級高爾夫坦帕頂級高爾夫,2
愛最新發貨的秋季夾克今天檢查 秋季愛,1
紐約 默特爾比奇 南卡羅來納州,19
失蹤的小一勝利者和維達家族表哥愛家將永遠擁有我的心,0
知道我的想法 買房 賣房 愛,6
投票因為黑手黨,15
今天遊覽鵝島,0
假日康明永利永利拉維加,1
coltongichard攝影摩根溪公園,10
步行主街羅克山主街羅克山 SC,6
加州洛杉磯之夜,7
經過測試認可的 Daddy MCM La Vega Strip,0
喬治亞州西部果園鱈魚,0
陽光明媚的維加微笑富人事工,2
重新發布 repostapp…最終 nygiants 贏得 nygvstb brian,10
紀念生日我喝酒口袋路易斯盃快樂,19
男人把兔子黏住了,2
喔感覺gewd iz正常疼痛後方自我,16
美好的夜晚，感謝很快就來了,10
取得鴨排 echoparklake echopark echo 公園湖,10
在蒂娜·勃拉姆斯舞會貧民窟週末倖存下來不等待,8
令人驚嘆的日落等待華盛頓特區昨天晚上破碎的華盛頓特區,1
不知道登陸日女孩劉易斯和克拉克職業中心,0
多倫多海灘 安大略湖 秋季 十月海灘,7
洛拉帕盧扎奧希金斯公園,13
戴夫·伊斯特 x 庫爾·皮爾 哈萊姆區 曼哈頓 紐約,4
偉大的第一天 俄勒岡州立大學主權中心 資深康菲石油公司俄勒岡州立大學校友中心,0
感謝聖路易斯奧比斯波 精彩的 slofest slocomedyfestival,0
快樂年冒險砂岩峰最高點聖塔莫尼卡山,0
星期四晚上 德州 達拉斯,0
命中嘗試歷史發送節拍,15
保持真實，保持明亮，愛洛林公園社區,0
兄弟，離開一天，直到季節剛剛,14
甲板大廳很多美麗的亞麻布新鮮的花朵照亮了哦拉拉問,9
情話上帆島,0
看看嫉妒的格里爾斯渡口湖,6
讓心情變得輕鬆 小拉沙德攝影拍攝秋季造型愛好,18
聖誕晚餐魚和薯條索哈特聖莫尼卡海灘,6
賽義德優格全果果麥克多諾加,1
阿洛斯舞廳 Poppin dancelife chinky cheezin Latergram 阿洛斯舞廳,16
哦天啊就像發生在芝加哥這座令人難以置信的城市一樣,0
nt 跑者身體跑步者心知道,0
影片終於 YouTube 頻道洛根興奮,8
膠帶 布塔布拉克街 抱歉 菲利磨坊盆地 布魯克林,10
️ 邵氏蟹屋,0
sobxrbe itunes 混合由 blapdre thegrillstudios 提供,4
發生維加節不可錯過,14
讓馬科斯食物哈哈埃克勒埃爾卡米諾,2
TBT 星期二正義因理光體育館,6
心情 哥倫比亞 南卡羅來納州,5
wilkommen undt 萬聖節快樂 jelliottk,10
今天轉發建築堡壘照片美國國旗襪子,0
就像家庭週末 亞利桑那州 鳳凰城,7
新的 FHI 品牌 NT 等待使用氣味 fhibrands stylus studio,0
hbd bai 謝謝令人討厭的笑聲jammin,9
可愛的 oitnb 艾德麗安摩爾景觀,9
馬來西亞身體波浪 Mayvennhair 風格 Toiashahairboss,0
s 家 邁阿密國際機場 佛羅裡達州邁阿密,1
賦權日 心內圈 atonenow,0
期待v現實讓南瓜,2
聽到聲音的蛋糕 imwithher nevoustrumpezpas 皇冠高度布魯克林,11
年友誼好萊塢北灘公園,0
聖誕花圈週五今晚開放,1
廉價手機壞了明尼阿波利斯東北部,2
給 tzedakah hebrewschool nofilter 斯塔滕島 cbj 希伯來學校,0
新的壞蛋教練 Coachsummit 搖滾啤酒廠 納許維爾,0
特別送貨上門 inouyek 巧克力美味 th 街小酒館,0
胡桃鉗今晚 abtofficial patrickf 胡桃鉗,10
試試更大的瘦身者來很好地小時健身博爾德虹膜街公司,6
愛秋天湖秋天季節自然南湖驅動公園,1
結婚了 poeweddingk lifeofapoe 祝福 lifeofapoe,0
朋友點燃了古達斯弗羅斯特劇院,1
迪士尼 迪士尼 颱風湖 日,12
自由正義 美國 Instadaily ig igdaily Photooftheday Instagood,11
beaphotog 建築 芝加哥充滿了令人驚嘆的建築,7
真棒早上媽媽減肥健身健康踢了船員,5
北嶺卡穆什子午線廣場,0
照片 sesh sa kalye way hotel 哈哈 kikiwithsophieb ootd,2
主廚卡羅爾·芬推薦中央市場,3
小智慧日間照顧中心,1
人們絕對最喜歡的柳木牧場,3
面部照片藝術家很快就得到了 edc la vega 電機速度,2
感謝安全允許免費退伍軍人節鮑勃蓋爾企業,11
不歧視工作任何人都叫小兄弟挑選,5
得到美味的冰沙,16
醫院看起來不錯認真,5
公路旅行停止角紀念碑州科羅拉多州亞利桑那州,5
踢哈米爾戴農莊 漢密爾頓亞哈姆萊特 漢密爾頓農莊國家紀念碑,19
復活節快樂希望照片生涯開始,18
ppl眼睛浮腫,2
北卡羅來納州阿什維爾比爾特莫爾蜂蜜之家酒店,12
nt 建築破牆屏障 Sherrod Brown Ohdems,11
南區外寫得不錯,6
等待科洛弗巷想像劇院,19
今晚玩十字路口,16
今天午餐烤起司番茄湯東西,10
️巴克斯頓大廳燒烤,12
聖誕節精神今天日落大道洛杉磯加利福尼亞州,17
哎呀，頭髮蓬亂了，布里布羅迪的頭髮蓬亂了,8
貝貝 Mancrush 玩具總動員 迪士尼 好萊塢工作室,13
驕傲的畢業生賽斯哭泣混亂日鷹巢咖啡館,0
媽媽找到了失散多年的妹妹ocu abe檸檬競技場,8
閃耀明亮的生活，粉碎生活，對於無聊的膠帶任務來說太短了,18
德州弗農山尤莫爾,0
巡航購物中心 最佳芽 伯班克 伯班克 加州,16
西雅圖愛城人電腦善良老年夫婦煤氣工作公園,16
牆面超級漂亮韋斯特菲爾德舊金山中心,7
巫毒節 紐奧良 拉愛諾拉 巫毒音樂體驗城,13
愛家庭海拔教堂布萊克尼,1
hbd maggianos 小義大利 納許維爾,0
準備表演期中戲劇文學班 gon na lit 全國,4
喜歡垃圾話 gf thing jr 黑臂章教練,2
星期五快樂 宇宙射線星光咖啡館 宇宙射線星光咖啡館,1
即將推出，今天就努力購物 ootd ootd Fallthings 內布拉斯加州拉維加,1
快樂月婚姻驚人的男人愛愛檢查朋友,3
長鏡子浴室自拍機會全黑一切黑領帶正式宴會,14
Netflix 寒冷回合,9
生日快樂勺黑色,0
捕捉珍貴的時刻，精彩的派對即將來臨書,18
拍攝 mmm 垃圾薯條 Lovemyjob 食品造型師 拉斯維加斯,0
眼睛價格尋找喬納森菲利普斯房地產業務資金,6
最佳週末納瓦霍湖公司,8
長州遊戲地,3
奇辛大秋天公園,5
攤位來你好我下午,11
耶蓋納峰會學院體操,8
喜愛栗子演唱會 裴黃金中心栗色演唱會,0
喚醒飲料 Dunkindonuts Coffeecoolata 冰沙工作音樂鍛鍊擴大器,15
美味小龍蝦煎蛋餅乾和麵包銀行新奧爾良 foodbeast,10
我要看看蘇帕飛,6
猜猜看椅子電臀舞 Liradioshow blisfm 工作室,2
Diningroonlight 發光食物哈哈攝政俱樂部,2
恭喜小弟華麗老婆豪宅,3
把笑臉愛華盛頓公園植物園,13
維加 可愛的女士 夏洛特普里亞克斯 復古 黑白,10
加州弗雷斯諾女士站,14
週六晚上 拉斯維加斯湖 VIP 維加 christianlouboutin 村 拉維加湖,0
貝尼哈納表哥生日快樂,3
及時行樂女士完全座右銘索羅伍德維加房子藍色拉維加,9
mi k oswald迪士尼馬拉松 wdwmarathonweekend myrun 迪士尼運行好萊塢工作室,0
場地日通用汽車中心,6
最喜歡的生日飲料 aviatorbar,0
復活節摩爾南卡羅來納州,3
老公 pinoy 同事工作說寶貝 pabebewave 哈哈 粉絲,2
泡泡大家灣頭遊艇俱樂部,14
瑞赫皮維派對花園咖啡館,9
生活派對聖克萊爾學院中心藝術,5
s Fallnt jussssssssst 開玩笑 聖誕快樂 聖誕節 mandown,14
生日海拉點亮永星世界賭場,4
兄弟電子煙,2
維恩斯海灘碼頭,1
看起來不錯感覺很棒紐約州立大學弗雷多尼亞,9
布羅塔·阿諾塔·莫薩科姆很快就要回家了，想念村門,0
勵志摩爾營造今晚評判和年度媽媽的樂趣,7
今晚的心人絕對不可思議,8
非常喜歡sreyyy遺產公園,0
需要身心良好的新鍛鍊鍛鍊不要失敗,0
羅傑費德勒最偉大的時光快樂奔跑的傢伙今天大,1
負責任，不要讓生活敲得更堅強，保持美麗,0
今天就來杭和 Theoracleclub 購物和下午早午餐,10
納爾遜日 納爾遜壁架採石場公園,12
吹走蜘蛛網帶來威廉斯堡布魯克林,5
討厭學校愛詹姆斯·克萊門斯高中,0
宴會之夜 agapé fam 蒙哥馬利學院,0
美好的一天家庭 kls 跆拳道,0
伊利諾州芝加哥新芽之家,17
我們投票給聖時代和諧國家公墓,11
花椰菜古水牛城雞肉砂鍋碳水化合物少量,2
紐約時代廣場,13
工作工作工作分析普拉塔建築室內雷諾薩坦普,16
謝謝 nikki 隨機圖 tito taco,2
恭喜佛羅裡達州塔拉哈西,8
️編舞,0
想要盤 pepinos 智利 mangojicama 菠蘿,2
來了派對哈哈 jk 來了有趣,14
擁有完美的一天，享受這些冰沙是最好的果汁女孩,1
俄亥俄州比弗克里克，節日快樂,17
Ringcardgirls 轉送環女孩點,9
今晚神奇迪士尼樂園 今晚一定要油漆,7
德國牧羊犬說：“狗屎，別介意”,2
海島風味餐廳及酒廊,1
再見大陸你好島嶼,6
想要戰爭什麼的,6
約翰遜生日快樂，別等太久,0
屋頂 VIP 風格 sxsw sxsw,0
卡蒂房間磚,3
人們咖啡館,4
table rock 成功 tablerock Lake 貝殼旋鈕 mo,19
好甜點好飲料好氛圍好生活幸福甜食甜點飲料放鬆,5
小狗聖誕節百老匯,0
夢想成真幻想曲米奇好萊塢工作室華特迪士尼世界迪士尼,3
北卡羅來納州 桑圖特 克萊蒙斯,12
普拉提觀看選舉結果之夜帶來投票貼紙現金,11
感覺像稍後玩間諜鳥月亮,2
破壞飲食轉發轉發應用程式···沒有像lil那樣,19
好需要週末醜陋最好的朋友家庭,0
• 特雷克斯遠• 環球環球影城環球影城奧蘭多冒險島,11
拉維加秘密花園和海豚棲息地海市蜃樓,8
NT 金屬絲纏結開幕聖誕節 m 拍攝日,17
失蹤小孩工作照片 信用 sabbear 乳製品女王,0
美容一元折扣高級體驗,0
美好時光愛杯謝謝你的照片愛杯,7
單身女郎很快新娘不相信時間舞蹈婚禮,3
鐘聲回家年,5
丈夫在明尼蘇達州明尼阿波利斯聖瑪麗大教堂唱歌,1
愛你的髮色你的眼睛流行我順便說一句,14
新的 guapocash trap 寶貝可供下載,4
voted wevoted getoutandvote 刮鬍刀綜合大樓塞內卡娛樂部,11
準確地描述了室米愛起司蛋糕的關係,3
甜蜜甜蜜的微笑開始除夕夜德克薩斯州達拉斯,3
謝謝你是最好的一年林肯內布拉斯加州,0
愛情女孩雅各亨利豪宅,0
一點點薩米亞姆喜歡復古道奇幾個月了五個月賣了一點點,1
參觀奧斯卡紅毯 奧斯卡杜比好萊塢,14
聖誕樹切割精靈耶西爾維維爾南瓜放大器聖誕樹,17
️ 南卡羅來納州默特爾海灘,12
週年快樂德歌愛挑戰搖滾,0
人群過濾視點房車和高爾夫度假村,6
感謝訂購，我很高興享受轉發的東西,5
你好聖地牙哥 查看露營地 聖埃利霍州立海灘 聖地牙哥,6
興趣包括尋找可愛的牆壁拍照顏料,7
是的 Krombacher 聖地亞哥 歡呼聲 Krombacher pils 快樂星期五 科羅拉多島,0
很難相信林賽畢業愛林德曼斯菲爾德ISD中心,0
自拍日出原創日出咖啡館,2
pokestop pokemongo 多切斯特路地區圖書館,14
無聊的電視圍攻標題黑鑽石 akiki 退休早期滑雪,6
手就會知道年年,14
婚禮寬鬆洛杉磯加州波布雷尼科智利智利大爸爸古董,6
耶穌愛你 斯托克頓 加州,0
unafotoenlaquenomeveachino 藍色馬丁尼布里克爾,2
很快很快,2
最佳週末主要短褲酒吧,3
戰俘捕捉風景，如值得乾燥的方法 captnawsm mthood,18
約會之夜 賓州費城公園小酒館,1
感謝家人的支持曼斯菲爾德ISD中心表演藝術,3
母愛新生活社區教會,0
關注 hektekpleasures hektekllc hektek,0
星期一塞米諾爾硬石酒店和賭場好萊塢佛羅裡達州,6
謝謝艾米·C Carezone 韓國城洛杉磯,3
出售一月生產力日室內人們喜歡藝術服裝,0
麥肯齊紅衣主教球迷夜間等待布希體育場,19
不要等待偉大的弗吉尼亞州，最好的人都知道塔夫夫州,19
結束日 nt 小阿吉 okstate 塔穆凱爾,3
rjg fusion pfycrevival愛女孩各各他大會奧蘭多,0
小事讓生活變得美好 南卡羅來納州默特爾比奇,8
取得高程差視圖,1
神奇的一天慶祝姐姐很快侄子愛NT,0
諾拉伏都節蘭姆酒屋日,19
聖誕快樂 mccormacks 窺視輕毛衣,17
OMW 偷走你舒適的顏色 Alys Beach,12
糖果手杖馬丁尼杜魯門酒吧擴大器燒烤,1
鮑倫先生雕像自拍 colojason gobroncos 野馬丹佛野馬英里高體育場,0
只是學校搖滾呀狗屎,9
大蘋果洛克斐勒中心的美好時光,17
愛女人 Holyship Fridaytheth Holy Ship,0
媽媽感謝紐約郵報紐約,0
eccentrix sound 跑道咖啡館回顧 Big Xcess 混合船員氛圍 Disconeil Solare,10
讓解僱準備選舉希拉里克林頓戈沃特洛特特朗普,11
生病的一天海怪過山車排,6
迷路了醬凡爾賽塔,19
之夜向 davidbowie 致敬表演時尚,10
氣氛照明rarevibe pdx 灰街,4
咖啡約會可愛電動沖泡器,14
引導內心的小嬉皮攝影 卡托巴學院,18
堪薩城市中心的問題電腦,10
佛羅裡達州聖奧古斯丁艱難星期一,12
月一毛錢滑冰洛克斐勒中心 令人難以置信的感謝,9
電力塔永遠佔據特殊的位置心 mybabyfirstjob iheartcp,8
hbd 媽媽最好的唐人街洛杉磯,1
紐約 川普大樓 曼哈頓 美國 市中心 川普大樓 紐約,11
愛的關係目標 blackmagic WHCD 華盛頓希爾頓,0
比爾感謝拯救了史蒂芬的生命摩拉維亞學院,5
filayyyy jesjones 橙色 新澤西州,2
國慶節快樂 mybitches sunnyny 中央公園,0
帶高領衫 nyctr​​​​ibeca,18
圖靈野貓卡粉絲 Lyeah 爸爸約翰紅衣主教,0
祝退伍軍人節快樂，感謝貝拉吉亞精品店服務,11
等待美麗的卡拉紐約紐約,5
熱巧克力奶油和回家是我最喜歡的時間沙發,17
開車回家我得拉擴大機捕捉彩虹日落之神,0
週五班學期麵包休息室,5
週一願望金杯形蛋糕,1
得到了南德克薩斯出汗的歌唱米耶學位是的,16
hunni 看起來不錯舞會凱瑟琳湖自然中心放大器,0
冷酷的夏洛特現在我知道看起來很生氣夏洛特,2
完美結束 完美的一天 傑西卡安娜斯蒂 舊金山 加利福尼亞州,5
是的 芝加哥劇院 卡塞朗維爾 勞拉維爾 芝加哥 伊利諾伊州,0
典型的姿勢你女孩可愛,0
榨汁記得女孩家裡破了錢呀,2
陳腔濫調 陶醉的星期六 波本街 圖片 gocayuts 波本街,8
manupconf 啟動了 Big s 致敬 Wave 教堂,4
gav amp elmo 維吉尼亞海灘 海濱,0
就像粉紅小指公主一樣,3
微笑走很長的路希望和壓力回歸,5
春假春假春假海灘海灣海岸阿爾,11
愛照片家長伊麗莎白敦學院,0
美好時光 與家人共度時光 finkatableandtap finka 表水龍頭,5
深夜小吃傢伙問豬排士麥那嘎,2
結婚週年快樂，我的愛情年，愛以成為你的妻子為榮，紐約,0
我是德克薩斯州休斯頓跳躍世界的大孩子,2
說再見米凱拉不可能的珍娜,0
跳舞喬恩唱歌泰勒項目hgtylor,2
瘋狂的時刻得到了分享拉韋雷神社禮堂和博覽廳,6
掛時間長子現場音樂總是吃東西,3
橄欖球戈法爾肯斯本特利大學,8
不要忘記力量慈悲無拘無束的愛心,0
Absabsabs dek wat 泰拳武術擴大機健身,5
製作每日生日之夜情人節邁阿密大學,13
波士頓東北大學令人驚嘆的一天,12
香農弗吉尼亞海灘生日快樂 弗吉尼亞海灘市中心生日,0
就像似曾相識 csra 公司 維吉尼亞州秋季教堂,14
注意鼓手羅斯蘭劇院,9
一天暑假打電話度假圖片,12
Pam Acher Wondercon 角色扮演 洛杉磯會議中心,2
️ 俄亥俄州立大學,12
今天搬家今天變了記得搬家擴大機,2
約會之夜皇后城犀牛市場和熟食店,0
掛著等待爬行拍照馬球俱樂部,2
尋找聖誕樹狂野新澤西州時間已經縮短,11
女孩黃色背包威廉斯堡布魯克林,0
取得了攻讀學位終於寫正確口音包容,14
佛羅裡達州那不勒斯甜番茄,1
馴鹿美食 今日馴鹿美食 快樂 美味 奧斯汀 胡椒 薄荷 香草豆 糖,17
章節回歸系列月快樂週日y圖片,0
南瓜 香料生活 星巴克 聖保羅 MN,0
愛情假期夏天心imissyou桌岩湖,0
擠壓魚拉爾夫威爾遜體育場,11
牙齒清潔牙醫韋斯特伯里家庭牙科,16
早期混合美麗的色彩收藏感謝fineartstorepbsartistopenstudio,0
縫紉王牌刀片z理髮店,1
Hairyssalon 擁有令人驚嘆的放鬆時間髮妝技巧和免費技巧,0
停車低排放車輛，如 Sierra,2
夢幻隊形象Live Studio,10
想要鈍器 鈍器 鈍器 多汁j 包裹 包裹 yb,16
可能不錯的圖片愛,2
感謝最好的朋友密西根中部,0
TBT kpfks 深夜船員慶祝生活 Norman Mayer kpfk,10
你生氣了,2
顯然,2
離開了北方媽媽金坎耶時間祝福拉,0
恭喜 tracyyyyy 自豪地殺死大學比賽 Bigred 康乃爾大學,0
發現了新地點 casa de jirafas,0
明天要吃午餐了但是冰箱,2
肯塔基州立大學,7
雛菊華特迪士尼世界,0
感恩節快樂的事我感恩的愛,14
快樂快樂比賽日比吉小保爾森體育場,6
整個晚上都愛著偉大的表演者 chrisyoung CountyFair,1
令人失望的週末快車直播,3
看起來很漂亮，謝謝 stevesaeztattoos 不等工作,1
布雷特·里皮 寶貝弟弟 驕傲的妹妹 FCA 崛起 坎貝爾斯維爾大學,0
死的,2
綠色感謝河馬巴特斯夫stpatricksday團隊獨角獸,9
Day edclv 拉維加賽車場,7
愛愛愛阿姨帕姆埃爾瓦奎羅墨西哥餐廳北,0
態度決定緯度 波士頓,6
建造燒橋彼拉多梯子桶燒毀建造藍天彼拉多,4
諾曼市中心光束燈,18
羅斯福大宴會廳,4
日間鬃毛時裝,2
猜猜我的使命不是蹩腳的 薩莎騙子 迴聲冒險,6
捏回最愛的城市表演感謝廣播,16
TBT 月學校書包贈品感謝支持經理,10
畢業棒班統治,15
今天開門，明天拜訪出色的供應商,7
nt 擊敗卡爾霍恩斯河景觀,1
永遠祝福肯特肯特,0
紐約姊妹 紐約,3
日碰撞發球面對自拍新奧爾良歐內斯特n,0
荷蘭廣場教堂,3
今天查看,1
時代廣場蛋糕 博斯卡洛斯麵包店,6
學習好萊塢,4
媽媽得到了玉米的報酬,2
貝貝縵瑪瑙酒吧燒烤,9
愛泰泰伯吉斯福爾州立公園,3
成功的拍攝場景工作 bh 跟隨 snap Brandyann M,9
超越真實之旅的一天 PT 莫德斯頓 和時間震撼了城市 我告訴你,10
優勝美地國家公園 父親 美國 gopro 自拍 優勝美地國家公園,11
丈夫來了 洛杉磯 維珍大西洋俱樂部會所休息室,2
今天蓋伊菲里星期五平頭勒羅伊·詹姆斯·松鼠瓊斯·貝利論文,6
OP Safari 遇見米奇和米妮 迪士尼動物王國公園,0
y y 洛斯特徹斯特,2
坐 homie 放鬆事實 搶包 踢踢事實 約翰斯頓,15
Love Pic amp 藍魔鬼薩斯伯格約翰體育場,8
欣賞風景的辦公桌不抱怨陽光明媚的泛美航空,12
寒冷的天氣鳥想要陽光，吉姆小姐,12
蓋茲維爾高中舞會初級舞會我的生命之愛,0
WCW失敗者康乃爾斯維爾地區高中,9
心不快樂終身朋友新娘安東尼和傑基,0
啊啊啊免費 guwopbumpin 威爾特張伯倫 Dayy Burrrr,4
生日快樂，祖國愛可愛的 drshmem deporto,9
生日晚餐愛女孩 thechrissybexperience,16
福賽斯公園 私奔 心祝賀愛情鳥 福賽斯公園,0
啜飲杜松子酒綠汁laayyyy派對時間新聞活動花式站立果汁,19
米奇老鼠複製貼上打算填滿 Instagram 兒童角色,0
收到轉發記得,4
Creamcookies Rule Methis 紅絲絨餅乾三明治 不錯,1
放鬆 紐約 紐約,6
當下心情 準備好晚餐 飢餓的傻臉 週五晚上的樂趣 費爾蒙紐波特海灘,19
愛食物臉書讓飢餓感歸咎於你,2
晚安男孩哥倫比亞街西,6
想夢想活躍會員很快 aspiretobetuesday kappa kappa gamma,8
俄亥俄州忠誠代頓,0
度過一個早晨，令人驚嘆的年輕人有福的兒子,0
今天眼科護士裝飾花生有趣,2
去世界大昌理論 加州奧克蘭,18
聖誕賀卡南費耶特,0
就像沒有得到ta hitta離開團結長壽,13
生日快樂女孩艾米莉希望款待,0
Loveamphiphop 建造正確的大鏈噓,2
馬塞洛·塞德福德·特里娜·麥基喜歡與導演、製片人一起工作,0
不想過生日週末,0
聖誕快樂中央情報局總部維吉尼亞州蘭利,17
可愛的智囊團和眼睛傑克眼睛傑克,16
加州 樂趣 亨廷頓海灘 加州,10
黑熊完美結束今天的野外健行,1
微波爐寶寶生日快樂,3
為什麼yyy指揮官快死了我快死了看著這個這個,2
同情行動詞邊界王子西棕櫚灘佛羅裡達州,13
事實詹姆斯鮑德溫作家故事生活週六引用信任你的光紐約紐約,7
神父精神jesuscrafts鑰匙圈三位一體基督教團契,0
元素堂吉訶德世界,0
查看川崎 z z thenewz rawrefined raw,5
最好的生日禮物nrg公園,0
bet betexperience 主舞台帶來房子,4
小鎮美國中西部快樂七月四日,11
愛家庭 睡衣 亞運會 表弟 christmaseve,5
塗料靈魂攝影師喬治亞州亞特蘭大,7
紅衣主教比賽最喜歡的布希體育場,0
像cowabunga bay la vega這樣的水上公園,19
浩克騎行 hhn 風格島嶼冒險,19
️王牌討厭千博物館,0
透過希拉蕊一起變得更強,11
可愛的東西找到多倫多商店市中心的東西小玩意兒,0
在邁阿密 Mix Master 工作室工作,15
今晚來炒作赤腳訓練營教學 pm flowwithaj,4
三三角星期二去精神病閨蜜傑克遜,3
抽煙了,4
老師告訴轉換毫米meterme刪除毫,2
慶祝圖片 maga 羽毛先生,11
新糖漿椰子肉桂熱冰鎮完美搭配陽光明媚的天氣,6
花了一個小時早上的事情既得了令人驚奇的愛漢,0
週六漫步薩凡納羅林斯薩凡納,12
團聚表弟歡迎回來愛你cuzcousinfamfamily今天團聚洗車,0
鞋 婚禮鞋 evinphotography 旅館,1
一段時間的越野車冒險粉碎鏡頭代替,18
生日快樂提前畢業賈里德一家起亞,0
肉桂華夫餅meh雞肉法式吐司最大葡萄酒潛水,4
路易斯安那州什里夫波特山姆鎮賭場飯店,1
溫茨 TBT 太浩湖 漂亮女士 傢伙 殺戮,1
我喜歡小墨西哥捲餅分娩旅館,5
最喜歡的地方 最喜歡的人 大塔爾伯特島,12
喜歡新的杯墊套裝木衣架,1
創意來了 heloisarts 互動作品的時間,5
看了閣樓上的傢伙電影天哪，覺得看起來很像，太棒了,5
快樂兄弟會睡眠者奇皮兄弟會,17
完全同意我完全同意第二個正確的倒鉤天使城市音樂,14
愛圖片今天生日午餐 PapacrackerBarrel 餅乾桶,0
起司真的很難，卡爾拯救了約翰·帕斯梅德拉海灘,19
不是新鮮派佛羅裡達州西棕櫚灘,11
今日螢光筆點 tienda guadalupana,6
很酷的浴室裝飾 城市叢林部落客 美學多肉植物,1
泰國豬肉叔叔蒂姆斯,1
布羅斯特公園外的嬰兒蛋糕滑梯愛,1
聖誕快樂 平安夜 奧布萊恩 肖恩和珍妮 自拍 珍妮和肖恩 可愛的孩子,0
球隊擊中海灘 球隊進球 夫婦進球點 新澤西州宜人海灘,6
最親密的朋友韋伯斯特大廳,18
試試工作日週末噴火,4
早安，洛杉磯市中心,3
聖誕快樂家庭索萊達山聖地牙哥,0
牛仔工作女郎布朗斯維爾博物館美術,3
直播 gon 好吧 kuntasgroovessions topimpabutterfly 狐狸,0
約會之夜 美景 雷東多海灘 加州,7
很快就會重聚ondessonk營地,0
帶來良好的能源共享 enerc 總部 thelegcollector 批准 Carlsongracie MMA,6
奧蘭多市中心的家庭時光,0
準備明天去看醫生 gon na 吹 pfts 水病,14
愛椰子水 vitacoco 椰子水 biglots 分數磚鄉新款,1
諾德斯特龍特區,2
lve lady trojan 朗維尤高中體育館,0
聖誕快樂馬薩諸塞州東安普敦馬薩諸塞州,17
慶祝美麗的靈魂，感謝使麥克塞萊娜成為可能,13
終於得到了搖滾營黛米洛瓦托和尼克喬納斯,19
沒關係熱托馬斯·瑞德更熱,4
奇妙時光 聖安東尼奧水族館,3
海灘日 海灘 貝爾馬海灘,14
手聞起來像肋骨,2
甜蜜的方式歡迎Geneca,5
重要地點騎乘認為循環最喜歡,0
四人組開始日 舊金山州立大學,16
演員 Step Fiveanddime 迪士尼 加州冒險樂園,5
美好的家庭假期，可愛的媽媽,5
bb 華盛頓特區 哥倫比亞,3
暴風雪 下雪 荷蘭 科羅拉多州 科羅拉多州 活,19
馬克斯桑老人今天叔叔偉大的驕傲姊妹時刻,0
Crossfit 花園城市 花園城市 紐約,1
男孩 otm kippstriveprimary kippstriveacademy,1
日嘉年華食品肋排節倫敦肋排節倫敦,2
porterrrrr 後退 kkkkk hsmf 艱難的夏天,7
情人節越來越近了，親愛的愛人,3
休士頓牛仔競技表演時間,0
結婚紀念日快樂，不可思議的祖父母,3
今晚家人來到紐約看到親愛的埃文漢森包圍了愛中央公園,0
真正的阿曼達創意工作室,2
週日購物哈雷存根斯賓塞,1
時間圈 時代廣場 紐約市,11
上帝拯救女王 thehatchettlife 美麗 美麗 餐飲,6
度過美好時光 美麗的男人愛赫克,8
鳳凰貝斯手花園之神,10
哈哈 合作攝影師 shonuff suckerpunchent lionseatfirst,2
美麗週末維加不等婚紗照謝謝,3
和平心靈湖Wishon,5
最喜歡的女孩布雷迪倫公園,3
人體模型雙層巴士麥奎爾斯愛爾蘭酒吧德斯坦,2
等待高線行駛,2
作家詞梅雷迪思出版,0
backvacationbrains Heavenlyrays 翡翠島 北卡羅來納州,12
伊姆威瑟音樂會廣播城音樂廳,5
耶，來了，正常頭髮遊戲，法國美容院,0
mo space jam 帽子好用 spacejam 青蛙城市酒吧,19
食物 foodislife 豬德雷克酒店,2
米妮老鼠Howloween 吉拉河競技場,0
費城好表弟偷窺夜總會費城,19
小姐小姐,2
啊www情歌慈善機構珍貴的jacksonsnextgen,8
來河灣自然中心的真正原因,14
致敬喧囂和一次住宿,18
轉發轉發應用程式…哈哈，學習了很多轉發,16
amp photos nt 模型 印第安納州 曼西,18
藍色迷失M獲勝史考特中心,15
微笑試鏡 起司球試鏡 鼓手 假日喧囂 棒棒全天,16
美麗的生日快樂華麗可愛的表妹,1
營地 k 家,6
點差 WCU WordPress 費城學院自然科學博物館,2
愛防彈少年團拍攝婚禮書，感謝漢娜夢想團隊,13
你好，加州夢梅爾羅斯,18
dm 精油蠟燭來沙龍最愛的香水,1
TBT w kevindillon 官方隨行人員信用威徹斯特紐約,10
日植物園樂趣萊利丟松果托萊多,3
tysm 駕駛費城 u 阿諾酒吧,9
寶貝想要同位素公園,0
精彩的夜晚特別女士 mesón sabika,0
tb alessandra p 被踢了俱樂部兩次,1
女孩之夜男孩克利夫蘭富豪迪爾菲爾德鎮中心體育場,0
卡梅爾海灘城市公園的自然美景,9
婊子你害怕了,2
很好的方式開始新的一天，感謝擴大機製作早晨,9
海沃德 加州,13
美好時光 當地餐廳 美食品嚐 美食 foodporn phantomgourmet 晚餐品嚐,4
古巴三明治 車前草 noplayplay justsaying igfood,4
夜吶喊來秀愛信用,10
結交新朋友 最小的朋友 seversfallfestival severs 秋季節日,0
Lil 閃閃發光的眼睛 bonnaroo 寶貝日 bonnaroo,7
lollapalooza Awesomefull 相簿 jmphoto,18
NT 拉許拉什韋恩州立大學,0
嘶嘶嘶嘶 kbbq ktown la ookook 燒烤,4
美好的一天 MTK 蒙托克釀酒公司,11
有趣的方式完成凱文詹斯的酒精消費限制恭喜愛,2
拍攝拍攝街頭夢想mag vscocam 選擇外面激情護照,10
找老照片朋友創意人,2
來cinespia公墓放映,12
感恩節最愛的人家人,10
️馬薩諸塞州康科德的平靜風暴,12
喬納最可愛的才華橫溢的人很高興認識,0
聽到橙色清晰的民謠,15
龍舌蘭瘋狂華盛頓和傑斐遜學院,0
熱可可棗小夥子搖滾我的寶貝感恩幼稚園一歲,1
得跟隨 heartheartnightclub Bottlesonreplay vipnation heart,0
新年快樂happychinesenewyearyearoftherooster元素,4
小弟弟長得快，曾祖母伊內斯和祖母復活節,0
教堂法姆港,3
TBT地區服裝比賽草根足球,4
今天探索發現向日葵單人旅行,5
萊維達壞人得到了污點,16
嚇得大家都笑得像個賤人最簡單的動作,2
終於見到了小狗姪女迪克西·蘭德·喜悅七週,1
謝謝 pic tbcimagery 佛羅裡達州奧蒙德海灘,9
抱歉，你知道我有抱負的 sophia patrala 時尚化妝箱,2
登陸發現酒店和發現海灘海邊海灘流浪水彩,6
不告訴最喜歡的歌曲時間,2
非常可愛的分享燃燒的心熱瑜伽普拉提放大器室內,0
雙騎擴大機 Heather Shea Feek Energy,15
是的 m 產品業務 m 自豪合格,15
早晨健身芝加哥湖公園,9
不能驚人的靈魂團隊杯懶狗懶狗庫比蒂諾聖,0
週四全明星夜總會,4
Citi Grovesounds Lamag 夏季音樂會系列,10
爸爸最喜歡昨晚舊金山阿坦普特公園巨人隊的比賽,16
正式岡田玉蘭莊園邁阿密斯堡戶外婚禮,0
m city 哈哈 中西部生活方式 潮流趨勢,15
笑話思想聽女王大學,19
Wish ve 彈出頭 kmilbz 黑色項目自發放大器,0
阿爾弗雷德大學 Mtfu Onthenextone,18
曼普曼姆大谷州立大學,0
掉下來的孩子生日派對帶來了半英里路,19
艾許琳勇敢,1
最愛的維加度假勝地海市蜃樓海市蜃樓酒店和賭場,6
愛小孩,1
歌劇拍攝精彩表演威爾第麥克白之夜,0
專家請心臟醫師檢查低血壓,0
大山谷照亮了市中心的大急流,4
生日快樂半愛想像,0
生日慶祝活動棒極了,0
美好的一天玩耍約會雷斯頓市中心,0
知道玫瑰金 AirMax 沒有幫助 玫瑰金,1
太陽開始閃耀時間工作出差workmodeon,16
需要西維吉尼亞州西松維爾,3
投標日 wmy 最喜歡的人 ubc 韋科,0
今晚的月亮令人驚嘆,4
恩富埃戈貝爾伍德湖,4
魔法王國迪士尼全明星運動度假村,3
苦樂參半的周末即將到來，祝你好運，足球夥伴採取狀態英尺值得,0
冬天 邁阿密 邁阿密市中心,6
死亡時間佐伊最好收緊喊叫,2
晚餐伴侶 Chickennuggetallstar 山核桃空心餐廳,0
感謝讓丹佛學期變得最好,3
百思買 曼哈頓聯合廣場,16
當大塊頭南瓜鎮,1
擬週期性安納伯放鬆下午移動攝影自然柳樹,16
愛 shaeshocadventures 約會之夜熔爐,9
阿瑪瑞·庫柏 阿瑪瑞·庫柏 事,2
比利鮑伯德克薩斯州很幸運,0
感謝聚光燈連結生物大滿貫電影節,7
愛網路維基百科改變了誰,2
辯論破爛,2
情人節知道停止檢查選擇光環,0
大自然母親停止留下印像日落日落日落,7
照片如樂團專輯封面 加州卡梅爾海灘 卡梅爾海灘,10
哦，有趣的時光 ve art raw 漂亮的鏡頭 bartcepekfoto rawshow rawartistsboise,1
Look Bae 加爾維斯頓島東海灘,0
TBT 冰河國家公園 蒙大拿州 麥當勞湖,0
過濾必要 克利夫頓公園 紐約,8
rjay 場景 星期五 Chickbartender,10
開始的一天日出海灘美麗這是美好的一天,16
️ 幹溪步道起點,12
探索紐約曼哈頓,18
m 無聊 b milyrock 米莉 kinectsports 保齡球 Xboxone 羅利 北卡羅來納州,2
喜歡謝謝小人榮譽可能哈哈rtrun,2
與諾德斯特龍女士一起享受聖誕購物樂趣私人促銷,1
搖滾靈魂去鄉村愛你想要新的創意不同的你,0
不要停止玩無聊的午餐城市卡溫頓,2
期待見到明尼蘇達州德盧斯,0
生日快樂蘇斯博士老師書呆子蘇斯博士生日快樂護理愛韻,13
qurewater 昨天買了 krogers 是的，truth realtalk,15
值班日託生活 萊斯利先生兒童保育,2
大黑狗麥克阿瑟公園釋放狗公園,0
約會之夜媽媽和寶貝莫斯的地方,1
波士頓流行音樂 七月四日 美國 波士頓 麻薩諸塞州,11
m點完全迷失了尋找渡輪聖,6
令人難以置信的斯派克利記住王子事件,13
地方美麗的詞彙享受陽光燦爛的日子斯諾誇爾米福爾斯華盛頓,1
找到值得的地方一小塊天堂地球,7
有愛的傢伙晚上能seedhouse amp啤酒廠,13
佛羅裡達州那不勒斯飽和度,12
喜歡維吉尼亞理工大學,0
街,8
當然選擇八月號《橡樹嶺》,10
這裡學期索爾茲伯里大學,3
生日狂歡 DJ 旋轉 tonite djtonee,4
觀看小男孩踢足球南方大學巴吞魯日校區克利福德 t,2
降雪冬季仙境第一雪美麗和平白色聖誕節母親,0
傑克丹尼消防 saintstailgateparty 活動經理,4
享受美好的夜晚散步 拉斯維加斯 維加豪客賽 內華達州拉維加,13
日落 謝謝 shabbyapple 洋裝 shabbyapple showyourshabby 如此精緻,8
橋曼哈頓橋東河河船紐約紐約市紐約紐約州美國下東區,11
雙美 djtwinbeatz 喬治梅森大學,1
男孩得到了聖誕老人小咯咯笑學習中心,1
燈光迪士尼魔法王國,3
打破OT,6
湯姆·蒂姆·傑瑞 ymp,14
尊敬的吉爾喬治 哦，你好,3
圖平地區 加入塞特福德地區 加入戈夫布魯梅特地區 需要,19
度過了美好的一周，禮物上帝愛艾波卡特,0
未來電台 DJ 製作 DJ Trok Townsquare Medium,2
你我愛佛羅裡達州布埃納維斯塔湖,0
安大略省科林伍德水,0
代表不同球隊小隊梅蘭妮萊恩,8
金色的金門大橋,7
帕拉布拉阿布里多 紐約 大都會博物館 藝術,2
哥哥畢業像媽媽的照片媽媽官方羅格斯大學,5
尼康照片店 迪士尼 迪士尼樂園,1
南沃斯堡 沃斯堡,2
沒有樂趣婚禮奇蹟策劃師,19
加州 洛杉磯,11
晚餐供應雞肉莫林奇拉達斯我媽媽教我威爾墨西哥菜墨西哥人像,4
保護物品負擔得起的租客保險免費報價,5
可愛的早晨 vsc vashon 高級中心 vashon wa,5
紐波特爆炸 卡特里特里紐波特懸崖步道,18
加州歐文準備釣具週咖啡,13
曼哈頓上東區事實,15
需要莉莉愛一點像泰塔克西格瑪西格瑪,3
老公之夜約會之夜海濱稍後格拉姆·巴特羅紐波特海濱,3
丹佛消防餅乾公司 丹佛公司,4
音樂說話南俄勒岡大學,2
美好時光克利爾沃特遊艇俱樂部,6
哇希望朋友有時間對待愛人,13
認為知道說話,2
很高興在英聯邦體育場度過了碧昂絲的生日週末,8
早安美國充滿電寒假過得更好,11
有趣的東西方熱火vsclippers週五夜燈海德考特賽德海德,4
佛羅裡達州冬季午睡基私人海灘,6
嗨布羅克頓鄰裡健康中心,5
磨礪我的第一次店屋東南亞廚房,2
加特林堡爆炸貝村,9
紐約甘迺迪國際機場,0
曼哈頓巴比高線早餐,3
發生同意聲明 sotrue 頁面,15
自行車 Redbike Simcoebikes 多倫多 查看 Tommythompsonpark smrsxtn 夏季 湯米,0
有趣的losttavernbrewing 布魯姆斯堡遊樂場,2
巡遊嬰兒韋斯特蓋特高度阿爾伯克基,9
美好的夜晚，黃金國,3
需要小魔法 迪士尼世界 魔法王國 佛羅裡達州 奧蘭多 假期 迪士尼,11
賈斯汀·特恩特我愛我的兄弟懷特俱樂部怪誕音樂懸念休息室,2
愛上冷杉農場南瓜公園,3
今天的比賽我真的很興奮，謝謝,16
是的，今天帶來了草坪椅牛津賽馬日操作,2
失蹤加州洛杉磯,8
猜猜巨型球小熊軟糖球果凍,1
清澈的藍天週 小幹溪小徑 薩希爾昆德拉 小幹溪小徑,10
吵鬧的懸掛慶祝牛仔獲勝獅子 gocowboys atampt,16
投擲真正的小隊布萊斯維爾布萊維加斯,6
感謝福斯新聞漏掉了案件,9
感謝展示像聖約翰費雪學院這樣的大學,3
買了中國侏儒倉鼠愛媽媽大學,19
假定雙胞胎 NT tri sigma uva,13
驚喜野餐 驚喜圖片雅各布森公園,5
生日快到了，就像開始慶祝週末一樣好,3
看起來不錯 sgc 갓세븐 得到了 제 Been 재범 jb,10
法姆殺死俄勒岡州卡帕三角洲大學,3
頭髮假設明天,5
卡林不知道感覺,16
斯萊克圖片,2
早安，時尚炸彈每日男士時尚郵報,6
禮貌巧克力冰淇淋與叉子奧利奧剃須刀奶油小熊軟糖,18
感謝上帝，鄉巴佬洋基走私酒館,11
檢查 d pm 傢伙自行車攝影機要求投票任何候選人,11
復古牙買加 最愛的旅伴 karianndookie TBT 牙買加假期,9
爭論讓男孩更充實的農場,14
活著的時間 cavsparade 永遠相信騎士隊冠軍遊行,4
生命教會 igreja vida 梅德福馬,8
我們投票了 跑票 Runchicago runningbuddies rdcottagegrove,18
愛媽媽胡德學院,13
家庭聖誕節惡作劇斯波坎華盛頓,17
匡威 Mercedes 直營店 Hola Coversestar,1
絕對喜歡父親節新禮物女士 purelavish skyla sofia,9
孩子想要露天看台最大的粉絲得到了他,0
aveda 愛情日 avedalove aveda Earthmonth 喬納蘭沙龍 納許維爾 納許維爾 頭髮,13
星空夜空內陸牛排館,7
女子小隊的目標是在好萊塢走上名聲,15
wcw 美麗的女孩謝謝把,1
晚上新奧爾良遊行波本街,6
莉茲·伊利·伊麗莎白·休斯頓·馬扎吉咖啡館,0
最喜歡的照片 寶麗來 塞什·K·卡薩安德拉·薩利姆 密西根州,7
紐約市上西區新家,5
謝謝 alt 愛 xxvregram,0
ncccheeralumni雨林咖啡廳位於迪士尼春天,8
直到死普安特公寓,15
帝國休息室利蒂今晚拍攝女士免費混合飲料,4
夜晚記住密西根芬頓,5
找家週諾德豪斯沙丘荒野,5
索萊悉尼聖阿誇維瓦酒莊,17
保持點亮 小馬男孩 多德蘭斯,7
美麗之路 ucahomecomingk 大學 中阿肯色州,3
TBT 存在之神 Openheavens 國際會議中心 密西蘇加,7
謝謝你玩得很開心，愛你,0
嘿大頭鬼 loliluphoto 埃默里大學,18
上床睡覺漫長忙碌的一天臉上微笑週三駝峰夜間,5
船員失敗打擊拉斯維加斯大道朋友隊外國健身朋友波士頓,19
獾學院法院公寓,0
切爾西 塗鴉 weefigueras 切爾西 曼哈頓 約克城 紐約,3
全新太陽眼鏡奧克利太陽眼鏡 Holbrook 霧面黑色紅銥鏡片時尚,6
錯了 知道我錯了,14
凱特北巴托社區服務,1
年輕時讓照片點亮阿黛爾 納許維爾 阿黛爾現場,0
•• 阿勒頓公園休養中心,17
紐約上東區奇妙之旅,1
我值得 紐約 紐約,2
週六畢業生聚會很有趣 奧蘭公園,16
化妝記錄時間假期你好阿黛爾新發行音樂愛情,17
阿拉巴馬州伯明罕日間辦公室,10
在北卡羅來納州夏洛特度過了一個令人興奮的夜晚,4
投票獲得 elxn 曼寧大道,5
亞瓦利奧馬德雷斯炒鍋,9
週日美味香蒜海帶麵希望週末愉快,13
寫實狗屎聽到日 Realtalk 城市,15
最喜歡的公園天氣,0
德拉瓦大學夜間分校,2
新款 Hustler 牛仔校隊夾克 ig,4
u 午餐便當便當盒 Bentoboxlunch nomnommomskitchen nom nom 媽媽廚房,0
父親節午餐男子想要塗鴉垃圾漢堡酒吧佛羅裡達州傑克遜維爾海灘,0
架子著名星期一主持的亞特蘭大,4
最喜歡的晚餐 莫斯卡托晚餐 美味的球芽甘藍 無麩質胡佛,2
波拉莫市場廚房酒吧伍德伯里,5
舒緩休斯頓發現綠色 htx thehoustonpulse 休斯頓最佳,7
知道真正的表弟愛支持 gophs 而不是 huskers day,0
愛怪人我全心全意最好的晚餐永遠格拉梅西酒館,1
陷阱 FET 明天晚上去小梅里登,4
知道知道很好的邊車黑莓時代注入邊車,13
️全金屬外套 德州普弗拉格維爾 Bean,0
布萊克謝爾頓與克里斯詹森精彩之夜最佳音樂會,1
美麗的寶貝準備好學習感恩,1
阿什特森 西費城,0
影片年 youtube getthere 真實事實 savanthd 分享 分享 分享 北,4
生日快樂你他媽的美麗 s d,0
今天下午步行首都愛達荷州博伊西愛達荷州議會大廈,0
Instathis 生日快樂 Boo Thang Aamhaz 最甜蜜,13
無條件的愛 明尼蘇達州威爾瑪,13
歐巴馬模仿哈羅德華盛頓文化中心,2
凱撒宮放大器,1
製作 mickeyandgozforever 新鮮biecked 塔紋身店,0
激起捕獲的鯊魚蠅 dotmaxdot 尚普蘭湖,18
愛河冒險傑斯伊利諾伊河,12
去巴克萊中心,14
賈斯汀·比伯斯目的之旅美國航空中心,1
安息吧 uapb 金獅洞,19
林賽威爾遜在路易斯維爾杜邦大廈歷史悠久的床和早餐,19
愛女孩愛我的女兒最好的朋友hermosabeach,3
家米充值心 Drcarla,0
尋找閃回月泰勒麥克美女,1
哦，格雷格·格雷格·杜利，達拉斯，德克薩斯州,0
聖誕快樂 新年快樂 聖誕快樂 費城 賓州,17
我準備好超級興奮獅子王百老匯週日基金會紐約,16
有趣的無盡夏季之旅 Love Geazy amplogic 無盡的夏季之旅,3
舒適的火快樂感恩節湖假期,4
分享快樂 Worldofcocacola 享受可口可樂亞特蘭大,16
盧克·布萊恩·尼亞加拉館,1
王子音樂錄影帶舞會著名酒吧和體育宮佐治亞州亞特蘭大,13
章魚燒 日式布丁 拉麵 雷神,5
Jrad Time Egg表演藝術中心,1
獎勵拿鐵能夠在清晨喚醒托比莊園咖啡,16
謝謝金錢標誌刺青 ftk 中央多芬高中,0
不要忘記明天下午的感恩節訂單，讓我們做飯,5
你知道的女孩愛你我的病房 weebie Sirbirdman showmeyournola,10
新奧爾良克里奧爾女王,1
早期的麥泰酒前往夏威夷哈哈,9
選了我感覺很好美麗的星期日哈哈唱歌告訴我,4
換臉惡作劇 baaaaaack 聽到聲音感覺歌詞,2
檢查 otm 工作官方視覺右鏡頭 x 羅利,4
桑德拉克·萊德卡明斯葉部公司,2
惡棍般的聲音 jonrowetheyoungamerican 伊利諾州 密蘇裡州線,10
享受美麗的城市聖安東尼奧路阿拉莫德克薩斯州聖安東尼奧阿拉莫使命,16
記住完美的生活 令人驚奇的人 完美的生活,0
onelogin 寶貝 壞眼貓,0
燒烤篝火今晚埃爾姆格羅夫埃爾姆格羅夫威斯康星州,4
馬特博士知道愛好照片道具 Funklittles 星期一微笑牙醫,16
姊妹血姊妹心loveaooiiosu,0
今晚令人驚嘆的致敬王子整體令人驚嘆,13
覺得寶寶傻,2
表弟教堂 表弟 Prima dominiruvian,1
麥金尼福爾州立公園,6
穿規範 耶不鄧肯甜甜圈,2
純幸福wakarusa音樂節桑樹山,3
尋找舊愛的方式 skatlife Summertimefine,1
快樂甜蜜最好的朋友表哥愛卡米不等,3
生日快樂印度朋友希望美好的一天期待,0
聖誕快樂貝斯貝斯專賣店,17
歡迎雷霆穹頂知道含羞草未來快樂週六壁球,5
哦無聊的生活聖誕音樂會韋恩縣高中,0
重新發現的壁畫後台拍攝 s,7
唐·本傑明夫人 x incrowdlife 今晚主持達拉斯,4
愛小家庭恩典博物館,0
我錯過了舊金山多洛雷斯公園的使命,1
蕭妮潔西卡 (Shawnee Jessica) 欣賞蕭妮布希 (Shawnee Bush) 都是變態，我們無法幫助如此不恰當,14
標誌原因被擊中男孩佛羅裡達州奧蘭多,4
祝福彩色清潔毛巾和去除蟲室,9
取得日光 洛杉磯 聖塔莫尼卡海灘,12
同意,14
看排球好吧自由大學,0
嗚呼的樂趣 miikesnow radiocity radiocitymusichall,10
肖恩道森 莎娜馬爾科姆 俄亥俄州西湖,5
跳跳虎廣場飯店 米妮朋友 迪士尼樂園,1
觀看收縮個人最喜歡的 Mr amp 奇怪的 amp 吃 grub 費城 gayborhood,19
新路易斯安那州立大學老虎體育場,14
午餐媽媽快樂母親節家庭傳統伍德斯托克山胡桃木平,1
波吉·聖·閃耀音樂會告訴保持·維納,2
辛勤的奉獻帶來了女士頒獎台 kmikkelsonbjj kristin,11
️ 媽媽發現祖父在紐約和媽媽馬隆索蘇荷市中心一起工作了一年,0
️ 科羅拉多州因戈德我們相信美麗的目的地生活是美麗的卡布里尼母親神社,0
故事想結束日內瓦公園區,0
男友收到最好的禮物很高興謝謝,1
擴大機尋找赫雷羅生活伴侶 indypopcon 變裝,0
迪士尼殭屍通常不會像達斯維達米妮老鼠那樣混合使用,14
三葉草飛行花園咖啡館,8
冒險最愛麥克姆范德比爾特大廈國家歷史遺址,3
埃德蒙頓你的搖滾雜誌ontour,6
最好的事情是晚上有雙鏡頭,3
欣賞 tahquamenon 秋天的景色,1
尷尬的廣播小伙子佔據了電視優勢,14
海盜阿拉圖納高中,0
情況星期六點燃工廠芝加哥工作 koolant 認證,4
大師班聚光燈工作室舞蹈擴大器表演藝術,4
嘿，小媽媽喜歡陽光 北肯塔基大學,12
讓團隊成功 社會連結 團隊真正關心成功 iha,7
這裡是加州商店的合作這裡是美麗的鏡頭模特兒manvir,5
喬治亞州迪凱特船員,0
個人還可以,15
等待手術的好朋友請送祝福,9
不知道，等一下，正式招聘明天開始 gogreek,1
猜猜昨晚紐約派對 紐約新澤西州 貓 素食主義者 vegansofig,2
薩凡納市市場,3
️️ 芝加哥公牛聯合中心籃球隊,0
好吧，真的讓你離開吧今晚,2
平靜 sxsw 風暴 imjustjk 轉發,10
不等功能美代表 nextmodelsmia 照片,0
人們將公牛·希諾皮·活生生保留下來,15
昨天的表演絕對令人驚嘆 Bravo musicaangelica korolilia colburnschool,0
知道我有點著迷,19
迪士尼加州冒險與迪士尼樂園 迪士尼加州,5
家庭團聚最喜歡那些ferrisgenestho愛你長期雪松嶺公園,8
冬天平均胡桃鉗季阿什蘭大學雨果楊劇院,0
愛巴黎安大略省,0
直接不尊重工作作為放慢傻瓜帕洛馬國王雅馬哈,2
最好的生日禮物，感謝讓我們驚嘆不已,0
很快芝加哥 芝加哥夢想 大旅行家 美國 聖地牙哥 家鄉之愛,1
喚醒烘烤wakeandbake Highmorning肚皮bbw bbwgram bbws bbwlovers跟隨胖乎乎的,16
是的，正是快樂的地方,0
感恩節前餐 Mangu quesofrito nomnom 感恩天堂 洛杉磯市中心,0
奧林匹亞家庭華盛頓,0
不突然的舉動不知道一半濫用twentyonepilots,3
看看玫瑰日亨廷頓花園,1
Southbeachfiles 資料夾 邁阿密南海灘,2
努力了好圖不工作感恩節快樂,2
基米皮知道金韋斯馬特貝拉吉奧拉維加,9
浴室自拍 女孩 barnettesummer Summermovies vsco 富豪,5
足部時間媽媽城市指甲弗吉尼亞州亞歷山大,5
不同的馬德拉加州,15
今天美好的一天倖免於美味的聖誕晚餐,19
柔軟的魅力很快媽媽孕婦照晚上不等,7
我不知道朋友我很高興 shoogatutz,19
魔法 NT 意思 NT 真 Rosegardenmu Fallstyle Halo Raleigh,7
安吉謝謝甜蜜的大微笑靈魂時間,13
放鬆回家長途旅行太棒了抱歉不抱歉愛我的家人,0
吉普車 Sebastianirigaray selportrait 澤西海岸 阿斯伯里公園,11
雷格拉姆·考特尼艾莉絲我的愛粉紅是新的黑色夏日花的力量,1
時間電壓休息室,1
巴比yyyyyyy巴薩,0
️轉發rememberliamslife轉發應用程式・・・朋友家人親人,0
像前進一樣的時刻,18
看起來像公主，那裡會有很多照片點亮香農甜蜜十六歲,0
愛菲普斯廣場生日快樂,0
甜蜜十六歲布萊克熊連身衣謝謝,3
目前是三角洲州立大學,2
接受 Visa 萬事達卡 美國運通卡 並發現所需的處理費水平,19
伍德沃德包裹服務煎餅遞慶祝小輪車,10
愛韋德漢普頓高中足球場,0
非常高興今天有了男孩，不用等花時間了,5
睡到紐約 雷切爾比斯迪 麥當娜旅館,10
得到 amp 得到永遠 amp 寶貝洛蘭俄亥俄州,0
anoche en montahillo 轉發,4
希望開始褪色閉上眼睛微笑華盛頓特區哥倫比亞,5
改頭換面新聞市長鮑澤導演安吉門解放日活動改頭換面,7
哈哈 共同的視線旅行 釀酒師 丈夫 寶貝 芝加哥,1
紐約獲勝時刻 船員消防 Chefrobscafe Chefrobs,4
帕帕特尼燒烤納許維爾海岸碼頭,1
維克穆尼茲 亞特蘭大高等藝術博物館,13
有趣的事情改變老城遠星切尼華盛頓,7
去市中心美食和葡萄酒節,6
lmao pop 鎖技能 fleek 啊哈哈哈後女孩電話週影片 ty 愛,2
嘎桃節巷南果園,19
像拉霍亞灣的愛情日 拉霍亞,1
女孩 tammyrsalter 剛果河 高爾夫,1
新罕布夏州 葉子 斯巴魯 愛雷蒙德 新罕布夏州,8
閃耀的靈魂 讓紐約閃耀 紐約,7
丙烯畫體驗 扭曲繪畫 扭曲蘭辛米,6
期待圖片來源：蒙大拿州懷特菲什,10
麻薩諸塞州波士頓保誠中心聖誕購物店,5
終於等不及美麗阿姨了,1
不要惹麻煩,19
轉寄 allenivesonofficial 吉米 G 牛排,4
日迴力鏢阿爾法十一即將到來阿爾法十一,7
雙胞胎兄弟哈肯薩克高中,15
芝加哥聖誕市集季,17
年最好的朋友之旅,3
德萊尼和勒夫商店,0
幸福拐杖糖巷,0
馬凱特夫人遊艇俱樂部運動晚宴,0
媽媽興奮的返校週,2
有趣的下載 bestoftheday instagood 歌手節拍製作人音樂,4
納許維爾國際機場,15
巧克力南瓜香料酒gt,1
農曆新年祝繁榮健康唐人街市場,0
感恩的女孩 馬薩諸塞州海恩尼斯港,0
恭維主打歌傳奇,1
影片取得時間,2
mazeltav 偉大的驕傲的朋友尤其是宏偉的馬拉費蘭,9
紐約知道光該死的樹布賴恩特公園布萊恩特公園冬季村美國銀行,17
北達科他大學最大成就人生文憑,15
約會之夜芒奇金富豪鵝卵石廣場,13
最佳雲伍德賽德,5
布丁安培治療等待輻射騎行週末聖盧克塞爾康復中心,14
感情很感激，我一定能感覺到那個拿著手臂的電影,2
性感鏤空鼴鼠皮洋裝 皮革飾邊 demiramos gansevoort 公園,4
拍攝美女佛羅裡達州邁阿密海灘,10
恭喜 sidnie amp 布蘭登 我很高興有人找到了 sid m 很高興,19
你知道克里斯多福·李維真正擊敗擴大機的時間,18
大熊湖週末快樂,0
生日快樂 Sweet Grrrrl Rose 又名 Dabear amp 兄弟 Rocky,0
熱愛生活 佛羅裡達州沃爾頓堡海灘,0
中央公園南紐約州紐約州,1
夜晚 令人驚嘆的夜生活 Garthbrooks 抱歉,3
諾克斯比爾照片當年玩過的諾克斯維爾保護酒吧,18
種植俄勒岡州波特蘭,10
巴林級攝影比賽獲勝者獲勝者獲勝者雞肉晚餐諾頓我的水平,6
聖誕派對工作女孩 mynuface 醜陋聖誕毛衣派對西牛排,17
杯子說幸福的丈夫愛,0
今日殺戮挑戰區天空區芬頓莫,19
呃，多伊·拜費利西亞·埃奇伍德，馬裡蘭州,2
xoxo yourfavoritebartender fumo 酒吧水菸酒廊,9
今晚的斯卡羅風很棒最喜歡的人,0
跟這個傢伙盯著沒有人的村莊哈哈克爾維特,2
️ 冰沙王中心,0
快樂的音樂家庭來支持thebeardedwondertony,9
今天回顧星期四我很喜歡復古西裝外套洋裝 howsweetitwasvintage,14
媽媽藍谷西高中,15
華盛頓廣場公園,8
平安夜開幕禮物傻瓜球切羅基湖,0
在觀看基於動漫的任務時,2
噓 固定按摩羨慕模式 布里格斯莫爾,5